Exporter M.49,Exporter ISO3,Exporter,Exporter region,Resource,Year,Value (1000USD),Weight (1000kg)
12,DZA,Algeria,Northern Africa and Western Asia,"Coffee, not roasted, not decaffeinated",2013,5.181754,0.426
20,AND,Andorra,Europe,"Coffee, not roasted, not decaffeinated",2013,0.108126,0.3
24,AGO,Angola,Sub-Saharan Africa,"Coffee, not roasted, not decaffeinated",2013,550.502766,229.194
31,AZE,Azerbaijan,Northern Africa and Western Asia,"Coffee, not roasted, not decaffeinated",2013,,
32,ARG,Argentina,Latin America and the Caribbean,"Coffee, not roasted, not decaffeinated",2013,46.166474,23.978
36,AUS,Australia,Australia and New Zealand,"Coffee, not roasted, not decaffeinated",2013,2591.810806,573.2697237
40,AUT,Austria,Europe,"Coffee, not roasted, not decaffeinated",2013,7961.955959,2268.017034
44,BHS,Bahamas,Latin America and the Caribbean,"Coffee, not roasted, not decaffeinated",2013,361.77723,145.92
48,BHR,Bahrain,Northern Africa and Western Asia,"Coffee, not roasted, not decaffeinated",2013,46.347968,12.6105
50,BGD,Bangladesh,Central and Southern Asia,"Coffee, not roasted, not decaffeinated",2013,6.583346,1.69094
51,ARM,Armenia,Northern Africa and Western Asia,"Coffee, not roasted, not decaffeinated",2013,60.509,16.668
56,BEL,Belgium,Europe,"Coffee, not roasted, not decaffeinated",2013,86222.68081,26008.37595
68,BOL,Bolivia,Latin America and the Caribbean,"Coffee, not roasted, not decaffeinated",2013,16053.51572,3496.046296
70,BIH,Bosnia Herzegovina,Europe,"Coffee, not roasted, not decaffeinated",2013,43.300675,9.5492783
72,BWA,Botswana,Sub-Saharan Africa,"Coffee, not roasted, not decaffeinated",2013,1.85976002,1.99317941
74,BVT,Bouvet Island,,"Coffee, not roasted, not decaffeinated",2013,374.192,54.441
76,BRA,Brazil,Latin America and the Caribbean,"Coffee, not roasted, not decaffeinated",2013,5038942.525,1707078.286
84,BLZ,Belize,Latin America and the Caribbean,"Coffee, not roasted, not decaffeinated",2013,57.801,22.183
92,VGB,British Virgin Islands,Latin America and the Caribbean,"Coffee, not roasted, not decaffeinated",2013,19.262,17.89
96,BRN,Brunei Darussalam,Eastern and South-Eastern Asia (excl. China),"Coffee, not roasted, not decaffeinated",2013,108.932,27.54
100,BGR,Bulgaria,Europe,"Coffee, not roasted, not decaffeinated",2013,2956.959456,772.577177
104,MMR,Myanmar,Eastern and South-Eastern Asia (excl. China),"Coffee, not roasted, not decaffeinated",2013,525.629877,137.7068893
108,BDI,Burundi,Sub-Saharan Africa,"Coffee, not roasted, not decaffeinated",2013,46327.06471,16128.37039
116,KHM,Cambodia,Eastern and South-Eastern Asia (excl. China),"Coffee, not roasted, not decaffeinated",2013,0.069,0.033
120,CMR,Cameroon,Sub-Saharan Africa,"Coffee, not roasted, not decaffeinated",2013,50773.99496,23805.73187
124,CAN,Canada,Northern America,"Coffee, not roasted, not decaffeinated",2013,10399.83491,2947.928691
132,CPV,Cabo Verde,Sub-Saharan Africa,"Coffee, not roasted, not decaffeinated",2013,179.261464,56.923
140,CAF,Central African Republic,Sub-Saharan Africa,"Coffee, not roasted, not decaffeinated",2013,216.520218,103.43559
144,LKA,Sri Lanka,Central and Southern Asia,"Coffee, not roasted, not decaffeinated",2013,322.618419,85.43658159
152,CHL,Chile,Latin America and the Caribbean,"Coffee, not roasted, not decaffeinated",2013,559.026745,169.40949
156,CHN,China,China,"Coffee, not roasted, not decaffeinated",2013,172363.0161,62648.58259
170,COL,Colombia,Latin America and the Caribbean,"Coffee, not roasted, not decaffeinated",2013,1968626.501,543398.2839
174,COM,Comoros,Sub-Saharan Africa,"Coffee, not roasted, not decaffeinated",2013,300.48514,57.75
178,COG,"Congo, Republic",Sub-Saharan Africa,"Coffee, not roasted, not decaffeinated",2013,12309.31469,4517.832
180,COD,"Congo, Democratic Republic",Sub-Saharan Africa,"Coffee, not roasted, not decaffeinated",2013,10447.30709,3433.1804
188,CRI,Costa Rica,Latin America and the Caribbean,"Coffee, not roasted, not decaffeinated",2013,319962.3444,82256.91724
191,HRV,Croatia,Europe,"Coffee, not roasted, not decaffeinated",2013,10.958,3.561
192,CUB,Cuba,Latin America and the Caribbean,"Coffee, not roasted, not decaffeinated",2013,4009.645294,758.1548
196,CYP,Cyprus,Northern Africa and Western Asia,"Coffee, not roasted, not decaffeinated",2013,520.864323,216.7482564
203,CZE,Czech Republic,Europe,"Coffee, not roasted, not decaffeinated",2013,12490.48063,1668.43902
204,BEN,Benin,Sub-Saharan Africa,"Coffee, not roasted, not decaffeinated",2013,0.189171,0.137
208,DNK,Denmark,Europe,"Coffee, not roasted, not decaffeinated",2013,4209.114187,681.4333503
212,DMA,Dominica,Latin America and the Caribbean,"Coffee, not roasted, not decaffeinated",2013,67.431175,9.431276
214,DOM,Dominican Republic,Latin America and the Caribbean,"Coffee, not roasted, not decaffeinated",2013,8498.795485,1855.145766
218,ECU,Ecuador,Latin America and the Caribbean,"Coffee, not roasted, not decaffeinated",2013,31450.70134,12148.86015
222,SLV,El Salvador,Latin America and the Caribbean,"Coffee, not roasted, not decaffeinated",2013,242272.6404,67663.09067
226,GNQ,Equatorial Guinea,Sub-Saharan Africa,"Coffee, not roasted, not decaffeinated",2013,33.103,21
231,ETH,Ethiopia,Sub-Saharan Africa,"Coffee, not roasted, not decaffeinated",2013,555936.1384,152677.8995
232,ERI,Eritrea,Sub-Saharan Africa,"Coffee, not roasted, not decaffeinated",2013,6599.149,3294.44
233,EST,Estonia,Europe,"Coffee, not roasted, not decaffeinated",2013,2480.14112,968.936937
242,FJI,Fiji,Oceania (excl. Australia and New Zealand),"Coffee, not roasted, not decaffeinated",2013,51.614,7.25
246,FIN,Finland,Europe,"Coffee, not roasted, not decaffeinated",2013,14527.66834,2392.301
251,FRA,France,Europe,"Coffee, not roasted, not decaffeinated",2013,20031.34032,6377.762752
262,DJI,Djibouti,Sub-Saharan Africa,"Coffee, not roasted, not decaffeinated",2013,4098.38297,917.024
266,GAB,Gabon,Sub-Saharan Africa,"Coffee, not roasted, not decaffeinated",2013,79.539345,23.363
268,GEO,Georgia,Northern Africa and Western Asia,"Coffee, not roasted, not decaffeinated",2013,91.424,40.983
270,GMB,Gambia,Sub-Saharan Africa,"Coffee, not roasted, not decaffeinated",2013,4.359346,1.12
275,PSE,State of Palestine,Northern Africa and Western Asia,"Coffee, not roasted, not decaffeinated",2013,0.013,0.003
276,DEU,Germany,Europe,"Coffee, not roasted, not decaffeinated",2013,435319.8948,136874.104
288,GHA,Ghana,Sub-Saharan Africa,"Coffee, not roasted, not decaffeinated",2013,11167.21842,3549.9247
300,GRC,Greece,Europe,"Coffee, not roasted, not decaffeinated",2013,9605.732895,5329.950484
316,GUM,Guam,Oceania (excl. Australia and New Zealand),"Coffee, not roasted, not decaffeinated",2013,70.6039,19.237
320,GTM,Guatemala,Latin America and the Caribbean,"Coffee, not roasted, not decaffeinated",2013,807590.2273,215707.2799
324,GIN,Guinea,Sub-Saharan Africa,"Coffee, not roasted, not decaffeinated",2013,14829.99818,7477.18988
332,HTI,Haiti,Latin America and the Caribbean,"Coffee, not roasted, not decaffeinated",2013,2015.84445,379.471
340,HND,Honduras,Latin America and the Caribbean,"Coffee, not roasted, not decaffeinated",2013,795019.0136,239232.5491
344,HKG,"China, Hong Kong SAR",China,"Coffee, not roasted, not decaffeinated",2013,2265.180375,500.827507
348,HUN,Hungary,Europe,"Coffee, not roasted, not decaffeinated",2013,6333.205945,1296.962752
352,ISL,Iceland,Europe,"Coffee, not roasted, not decaffeinated",2013,5.94,0.337
360,IDN,Indonesia,Eastern and South-Eastern Asia (excl. China),"Coffee, not roasted, not decaffeinated",2013,1275826.734,535426.7069
364,IRN,Iran,Central and Southern Asia,"Coffee, not roasted, not decaffeinated",2013,24.318,9.06
372,IRL,Ireland,Europe,"Coffee, not roasted, not decaffeinated",2013,1833.667972,158.04649
376,ISR,Israel,Northern Africa and Western Asia,"Coffee, not roasted, not decaffeinated",2013,345.097321,87.92167634
381,ITA,Italy,Europe,"Coffee, not roasted, not decaffeinated",2013,53195.22245,11832.41308
384,CIV,Cote d'Ivoire,Sub-Saharan Africa,"Coffee, not roasted, not decaffeinated",2013,183047.1161,86016.71212
388,JAM,Jamaica,Latin America and the Caribbean,"Coffee, not roasted, not decaffeinated",2013,19238.78802,1229.729284
392,JPN,Japan,Eastern and South-Eastern Asia (excl. China),"Coffee, not roasted, not decaffeinated",2013,1978.297025,745.9620692
398,KAZ,Kazakhstan,Central and Southern Asia,"Coffee, not roasted, not decaffeinated",2013,4.091,0.1
400,JOR,Jordan,Northern Africa and Western Asia,"Coffee, not roasted, not decaffeinated",2013,7433.301626,2841.515
404,KEN,Kenya,Sub-Saharan Africa,"Coffee, not roasted, not decaffeinated",2013,204028.7204,51825.45733
410,KOR,"Korea, Republic",Eastern and South-Eastern Asia (excl. China),"Coffee, not roasted, not decaffeinated",2013,4605.438074,983.165399
414,KWT,Kuwait,Northern Africa and Western Asia,"Coffee, not roasted, not decaffeinated",2013,160.556437,27.9579828
418,LAO,Lao PDR,Eastern and South-Eastern Asia (excl. China),"Coffee, not roasted, not decaffeinated",2013,77018.67465,19962.46478
422,LBN,Lebanon,Northern Africa and Western Asia,"Coffee, not roasted, not decaffeinated",2013,459.1791317,116.3340121
426,LSO,Lesotho,Sub-Saharan Africa,"Coffee, not roasted, not decaffeinated",2013,0.43514502,0.03565
428,LVA,Latvia,Europe,"Coffee, not roasted, not decaffeinated",2013,599.68576,117.3906865
430,LBR,Liberia,Sub-Saharan Africa,"Coffee, not roasted, not decaffeinated",2013,421.27,200.582
434,LBY,Libya,Northern Africa and Western Asia,"Coffee, not roasted, not decaffeinated",2013,91.26964,25.399
440,LTU,Lithuania,Europe,"Coffee, not roasted, not decaffeinated",2013,983.872723,113.0478882
442,LUX,Luxembourg,Europe,"Coffee, not roasted, not decaffeinated",2013,649.519464,55.707814
446,MAC,"China, Macao SAR",China,"Coffee, not roasted, not decaffeinated",2013,123.333,84.393
450,MDG,Madagascar,Sub-Saharan Africa,"Coffee, not roasted, not decaffeinated",2013,20612.74405,10328.4105
454,MWI,Malawi,Sub-Saharan Africa,"Coffee, not roasted, not decaffeinated",2013,4783.504047,1358.420804
458,MYS,Malaysia,Eastern and South-Eastern Asia (excl. China),"Coffee, not roasted, not decaffeinated",2013,3912.545922,1330.130944
466,MLI,Mali,Sub-Saharan Africa,"Coffee, not roasted, not decaffeinated",2013,,
470,MLT,Malta,Europe,"Coffee, not roasted, not decaffeinated",2013,252.024,21.106
473,,"Latin American Integration Association, nes",,"Coffee, not roasted, not decaffeinated",2013,31.002,5.25
480,MUS,Mauritius,Sub-Saharan Africa,"Coffee, not roasted, not decaffeinated",2013,9.381322,0.939
484,MEX,Mexico,Latin America and the Caribbean,"Coffee, not roasted, not decaffeinated",2013,414234.5598,122717.6721
490,,"Other Asia, nes",,"Coffee, not roasted, not decaffeinated",2013,409.7215007,94.4278846
496,MNG,Mongolia,Eastern and South-Eastern Asia (excl. China),"Coffee, not roasted, not decaffeinated",2013,9.901,2.139
498,MDA,Moldova,Europe,"Coffee, not roasted, not decaffeinated",2013,41.072,9.742
499,MNE,Montenegro,Europe,"Coffee, not roasted, not decaffeinated",2013,68.893,11.616
504,MAR,Morocco,Northern Africa and Western Asia,"Coffee, not roasted, not decaffeinated",2013,26.2420284,19.07061045
508,MOZ,Mozambique,Sub-Saharan Africa,"Coffee, not roasted, not decaffeinated",2013,130.22863,50.13732
512,OMN,Oman,Northern Africa and Western Asia,"Coffee, not roasted, not decaffeinated",2013,378.247,144.24
516,NAM,Namibia,Sub-Saharan Africa,"Coffee, not roasted, not decaffeinated",2013,269.5622766,62.95029476
524,NPL,Nepal,Central and Southern Asia,"Coffee, not roasted, not decaffeinated",2013,486.1747825,86.09857391
528,NLD,Netherlands,Europe,"Coffee, not roasted, not decaffeinated",2013,73435.59613,19708.92632
531,CUW,Curacao,Latin America and the Caribbean,"Coffee, not roasted, not decaffeinated",2013,0.206,0.11
534,SXM,Sint Maarten (Dutch part),Latin America and the Caribbean,"Coffee, not roasted, not decaffeinated",2013,0.126,0.01
540,NCL,New Caledonia,Oceania (excl. Australia and New Zealand),"Coffee, not roasted, not decaffeinated",2013,0.558,0.032
548,VUT,Vanuatu,Oceania (excl. Australia and New Zealand),"Coffee, not roasted, not decaffeinated",2013,63.606,13.555
554,NZL,New Zealand,Australia and New Zealand,"Coffee, not roasted, not decaffeinated",2013,1273.258318,177.3261977
558,NIC,Nicaragua,Latin America and the Caribbean,"Coffee, not roasted, not decaffeinated",2013,403054.9088,105826.3658
562,NER,Niger,Sub-Saharan Africa,"Coffee, not roasted, not decaffeinated",2013,0.061,0.2
566,NGA,Nigeria,Sub-Saharan Africa,"Coffee, not roasted, not decaffeinated",2013,148.391717,50.897668
568,,"Other Europe, nes",,"Coffee, not roasted, not decaffeinated",2013,998.068601,301.77037
579,NOR,Norway,Europe,"Coffee, not roasted, not decaffeinated",2013,2064.27021,375.6840596
581,UMI,United States Minor Outlying Islands,,"Coffee, not roasted, not decaffeinated",2013,1.774,0.079
583,FSM,Micronesia,Oceania (excl. Australia and New Zealand),"Coffee, not roasted, not decaffeinated",2013,0.905,0.215
584,MHL,Marshall Islands,Oceania (excl. Australia and New Zealand),"Coffee, not roasted, not decaffeinated",2013,0.248,0.059
591,PAN,Panama,Latin America and the Caribbean,"Coffee, not roasted, not decaffeinated",2013,10888.00378,2098.819909
598,PNG,Papua New Guinea,Oceania (excl. Australia and New Zealand),"Coffee, not roasted, not decaffeinated",2013,146322.9517,44880.0574
600,PRY,Paraguay,Latin America and the Caribbean,"Coffee, not roasted, not decaffeinated",2013,70.057104,19.305
604,PER,Peru,Latin America and the Caribbean,"Coffee, not roasted, not decaffeinated",2013,716022.6735,234244.0498
608,PHL,Philippines,Eastern and South-Eastern Asia (excl. China),"Coffee, not roasted, not decaffeinated",2013,170.85408,73.6326348
616,POL,Poland,Europe,"Coffee, not roasted, not decaffeinated",2013,10569.65742,2642.024347
620,PRT,Portugal,Europe,"Coffee, not roasted, not decaffeinated",2013,3389.673956,773.7775027
624,GNB,Guinea-Bissau,Sub-Saharan Africa,"Coffee, not roasted, not decaffeinated",2013,88.728905,18.975
626,TLS,Timor-Leste,Eastern and South-Eastern Asia (excl. China),"Coffee, not roasted, not decaffeinated",2013,8579.79323,2822.92994
634,QAT,Qatar,Northern Africa and Western Asia,"Coffee, not roasted, not decaffeinated",2013,0.03984,0.001
637,,"North America and Central America, nes",,"Coffee, not roasted, not decaffeinated",2013,4.849,0.096
642,ROU,Romania,Europe,"Coffee, not roasted, not decaffeinated",2013,1313.686323,695.3378035
643,RUS,Russian Federation,Europe,"Coffee, not roasted, not decaffeinated",2013,518.0898633,170.4308724
646,RWA,Rwanda,Sub-Saharan Africa,"Coffee, not roasted, not decaffeinated",2013,60593.88106,18535.04545
654,SHN,Saint Helena,Sub-Saharan Africa,"Coffee, not roasted, not decaffeinated",2013,,
662,LCA,Saint Lucia,Latin America and the Caribbean,"Coffee, not roasted, not decaffeinated",2013,0.310296,0.012
674,SMR,San Marino,Europe,"Coffee, not roasted, not decaffeinated",2013,1.09697,0.09
678,STP,Sao Tome and Principe,Sub-Saharan Africa,"Coffee, not roasted, not decaffeinated",2013,31.2415606,2.891577734
682,SAU,Saudi Arabia,Northern Africa and Western Asia,"Coffee, not roasted, not decaffeinated",2013,3429.594359,1600.389642
686,SEN,Senegal,Sub-Saharan Africa,"Coffee, not roasted, not decaffeinated",2013,19.751075,4.8762326
688,SRB,Serbia,Europe,"Coffee, not roasted, not decaffeinated",2013,44.3865903,16.2328892
694,SLE,Sierra Leone,Sub-Saharan Africa,"Coffee, not roasted, not decaffeinated",2013,4804.47267,2210.325
699,IND,India,Central and Southern Asia,"Coffee, not roasted, not decaffeinated",2013,563482.2286,212699.5929
702,SGP,Singapore,Eastern and South-Eastern Asia (excl. China),"Coffee, not roasted, not decaffeinated",2013,9252.432654,2712.000332
703,SVK,Slovakia,Europe,"Coffee, not roasted, not decaffeinated",2013,2975.748765,1177.478081
704,VNM,Vietnam,Eastern and South-Eastern Asia (excl. China),"Coffee, not roasted, not decaffeinated",2013,2849675.291,1359619.061
705,SVN,Slovenia,Europe,"Coffee, not roasted, not decaffeinated",2013,12712.37853,4674.401
710,ZAF,South Africa,Sub-Saharan Africa,"Coffee, not roasted, not decaffeinated",2013,7154.492158,2049.926898
716,ZWE,Zimbabwe,Sub-Saharan Africa,"Coffee, not roasted, not decaffeinated",2013,825.0951444,206.15666
724,ESP,Spain,Europe,"Coffee, not roasted, not decaffeinated",2013,29521.74384,8100.933558
728,SSD,South Sudan,Sub-Saharan Africa,"Coffee, not roasted, not decaffeinated",2013,25.716537,1.5
748,SWZ,Eswatini,Sub-Saharan Africa,"Coffee, not roasted, not decaffeinated",2013,145.481741,58.2356168
752,SWE,Sweden,Europe,"Coffee, not roasted, not decaffeinated",2013,6059.879767,1494.89026
757,CHE,Switzerland,Europe,"Coffee, not roasted, not decaffeinated",2013,51807.34811,20053.97438
760,SYR,Syria,Northern Africa and Western Asia,"Coffee, not roasted, not decaffeinated",2013,46.811043,7.229
764,THA,Thailand,Eastern and South-Eastern Asia (excl. China),"Coffee, not roasted, not decaffeinated",2013,8989.142237,2767.665034
768,TGO,Togo,Sub-Saharan Africa,"Coffee, not roasted, not decaffeinated",2013,21568.4595,9820.19605
780,TTO,Trinidad and Tobago,Latin America and the Caribbean,"Coffee, not roasted, not decaffeinated",2013,37.67001418,5.799201241
784,ARE,United Arab Emirates,Northern Africa and Western Asia,"Coffee, not roasted, not decaffeinated",2013,7679.91815,3164.537412
788,TUN,Tunisia,Northern Africa and Western Asia,"Coffee, not roasted, not decaffeinated",2013,23.239088,5.051484
792,TUR,Turkey,Northern Africa and Western Asia,"Coffee, not roasted, not decaffeinated",2013,2926.159555,1206.59744
800,UGA,Uganda,Sub-Saharan Africa,"Coffee, not roasted, not decaffeinated",2013,432320.4722,206162.3316
804,UKR,Ukraine,Europe,"Coffee, not roasted, not decaffeinated",2013,3.922,0.56
807,MKD,North Macedonia,Europe,"Coffee, not roasted, not decaffeinated",2013,7.471,3.002
818,EGY,Egypt,Northern Africa and Western Asia,"Coffee, not roasted, not decaffeinated",2013,166.183,46.304
826,GBR,United Kingdom,Europe,"Coffee, not roasted, not decaffeinated",2013,31616.75743,7861.975475
834,TZA,Tanzania,Sub-Saharan Africa,"Coffee, not roasted, not decaffeinated",2013,175989.9099,58697.46694
839,,Special Categories,,"Coffee, not roasted, not decaffeinated",2013,132.387,48.42
842,USA,United States,Northern America,"Coffee, not roasted, not decaffeinated",2013,117470.2524,33917.94928
854,BFA,Burkina Faso,Sub-Saharan Africa,"Coffee, not roasted, not decaffeinated",2013,637.11024,621.8
858,URY,Uruguay,Latin America and the Caribbean,"Coffee, not roasted, not decaffeinated",2013,0.52,0.104
862,VEN,Venezuela,Latin America and the Caribbean,"Coffee, not roasted, not decaffeinated",2013,822.324432,319.032
887,YEM,Yemen,Northern Africa and Western Asia,"Coffee, not roasted, not decaffeinated",2013,12801.98874,2631.432242
894,ZMB,Zambia,Sub-Saharan Africa,"Coffee, not roasted, not decaffeinated",2013,2820.416026,896.9183845
899,,"Areas, nes",,"Coffee, not roasted, not decaffeinated",2013,2822.584072,1057.135
8,ALB,Albania,Europe,"Coffee, not roasted, not decaffeinated",2014,1.282,0.458
12,DZA,Algeria,Northern Africa and Western Asia,"Coffee, not roasted, not decaffeinated",2014,6.469536,0.614
20,AND,Andorra,Europe,"Coffee, not roasted, not decaffeinated",2014,8.113,16.7
24,AGO,Angola,Sub-Saharan Africa,"Coffee, not roasted, not decaffeinated",2014,740.18995,375.9
28,ATG,Antigua and Barbuda,Latin America and the Caribbean,"Coffee, not roasted, not decaffeinated",2014,124.797,42.642
32,ARG,Argentina,Latin America and the Caribbean,"Coffee, not roasted, not decaffeinated",2014,42.94,8.413
36,AUS,Australia,Australia and New Zealand,"Coffee, not roasted, not decaffeinated",2014,3588.346295,907.3406305
40,AUT,Austria,Europe,"Coffee, not roasted, not decaffeinated",2014,6466.462903,1867.884185
48,BHR,Bahrain,Northern Africa and Western Asia,"Coffee, not roasted, not decaffeinated",2014,64.12761817,19.9170938
51,ARM,Armenia,Northern Africa and Western Asia,"Coffee, not roasted, not decaffeinated",2014,120.355497,55.2613
52,BRB,Barbados,Latin America and the Caribbean,"Coffee, not roasted, not decaffeinated",2014,1.403,0.22
56,BEL,Belgium,Europe,"Coffee, not roasted, not decaffeinated",2014,170976.4506,53355.59029
60,BMU,Bermuda,Northern America,"Coffee, not roasted, not decaffeinated",2014,0.74,0.04
68,BOL,Bolivia,Latin America and the Caribbean,"Coffee, not roasted, not decaffeinated",2014,17881.35519,3719.394896
70,BIH,Bosnia Herzegovina,Europe,"Coffee, not roasted, not decaffeinated",2014,37.052921,9.477856
72,BWA,Botswana,Sub-Saharan Africa,"Coffee, not roasted, not decaffeinated",2014,0.99975215,0.789955095
74,BVT,Bouvet Island,,"Coffee, not roasted, not decaffeinated",2014,1086.892,177.751
76,BRA,Brazil,Latin America and the Caribbean,"Coffee, not roasted, not decaffeinated",2014,5999301.632,1932740.804
84,BLZ,Belize,Latin America and the Caribbean,"Coffee, not roasted, not decaffeinated",2014,287.900625,103.698
86,IOT,British Indian Ocean Territory,,"Coffee, not roasted, not decaffeinated",2014,,
92,VGB,British Virgin Islands,Latin America and the Caribbean,"Coffee, not roasted, not decaffeinated",2014,285.089,82.8
96,BRN,Brunei Darussalam,Eastern and South-Eastern Asia (excl. China),"Coffee, not roasted, not decaffeinated",2014,22.602,4.891
100,BGR,Bulgaria,Europe,"Coffee, not roasted, not decaffeinated",2014,1761.383927,380.5705302
104,MMR,Myanmar,Eastern and South-Eastern Asia (excl. China),"Coffee, not roasted, not decaffeinated",2014,2332.946353,1486.108962
108,BDI,Burundi,Sub-Saharan Africa,"Coffee, not roasted, not decaffeinated",2014,42479.37463,11464.30391
116,KHM,Cambodia,Eastern and South-Eastern Asia (excl. China),"Coffee, not roasted, not decaffeinated",2014,0.033,0.007
120,CMR,Cameroon,Sub-Saharan Africa,"Coffee, not roasted, not decaffeinated",2014,56960.71203,25483.78416
124,CAN,Canada,Northern America,"Coffee, not roasted, not decaffeinated",2014,20322.77466,4643.449039
132,CPV,Cabo Verde,Sub-Saharan Africa,"Coffee, not roasted, not decaffeinated",2014,140.602665,42.580024
136,CYM,Cayman Islands,Latin America and the Caribbean,"Coffee, not roasted, not decaffeinated",2014,0.647,0.06
140,CAF,Central African Republic,Sub-Saharan Africa,"Coffee, not roasted, not decaffeinated",2014,100.664,40.3
144,LKA,Sri Lanka,Central and Southern Asia,"Coffee, not roasted, not decaffeinated",2014,307.1936386,102.6090857
152,CHL,Chile,Latin America and the Caribbean,"Coffee, not roasted, not decaffeinated",2014,540.504226,92.54821
156,CHN,China,China,"Coffee, not roasted, not decaffeinated",2014,161232.8375,49770.2913
170,COL,Colombia,Latin America and the Caribbean,"Coffee, not roasted, not decaffeinated",2014,2651496.434,638039.265
174,COM,Comoros,Sub-Saharan Africa,"Coffee, not roasted, not decaffeinated",2014,132.77132,43.389
178,COG,"Congo, Republic",Sub-Saharan Africa,"Coffee, not roasted, not decaffeinated",2014,14871.77481,5083.204
180,COD,"Congo, Democratic Republic",Sub-Saharan Africa,"Coffee, not roasted, not decaffeinated",2014,14832.98918,4248.408
184,COK,Cook Islands,Oceania (excl. Australia and New Zealand),"Coffee, not roasted, not decaffeinated",2014,0.084,0.006
188,CRI,Costa Rica,Latin America and the Caribbean,"Coffee, not roasted, not decaffeinated",2014,327922.192,76841.17313
191,HRV,Croatia,Europe,"Coffee, not roasted, not decaffeinated",2014,185.45027,60.1043065
192,CUB,Cuba,Latin America and the Caribbean,"Coffee, not roasted, not decaffeinated",2014,4756.640594,839.92835
196,CYP,Cyprus,Northern Africa and Western Asia,"Coffee, not roasted, not decaffeinated",2014,610.40729,204.542
203,CZE,Czech Republic,Europe,"Coffee, not roasted, not decaffeinated",2014,2673.318807,382.4068255
204,BEN,Benin,Sub-Saharan Africa,"Coffee, not roasted, not decaffeinated",2014,0.215,0.202
208,DNK,Denmark,Europe,"Coffee, not roasted, not decaffeinated",2014,2362.798521,419.5469792
212,DMA,Dominica,Latin America and the Caribbean,"Coffee, not roasted, not decaffeinated",2014,83.466,19.424
214,DOM,Dominican Republic,Latin America and the Caribbean,"Coffee, not roasted, not decaffeinated",2014,5577.05247,1076.293144
218,ECU,Ecuador,Latin America and the Caribbean,"Coffee, not roasted, not decaffeinated",2014,27088.57523,9293.413968
222,SLV,El Salvador,Latin America and the Caribbean,"Coffee, not roasted, not decaffeinated",2014,115680.906,29316.77234
226,GNQ,Equatorial Guinea,Sub-Saharan Africa,"Coffee, not roasted, not decaffeinated",2014,1.01,0.18
231,ETH,Ethiopia,Sub-Saharan Africa,"Coffee, not roasted, not decaffeinated",2014,681299.4298,161986.2575
232,ERI,Eritrea,Sub-Saharan Africa,"Coffee, not roasted, not decaffeinated",2014,2760.178,1386.726
233,EST,Estonia,Europe,"Coffee, not roasted, not decaffeinated",2014,1515.01922,411.216136
238,FLK,Falkland Islands (Malvinas),Latin America and the Caribbean,"Coffee, not roasted, not decaffeinated",2014,0.377,0.05
242,FJI,Fiji,Oceania (excl. Australia and New Zealand),"Coffee, not roasted, not decaffeinated",2014,73.104417,10.4288
246,FIN,Finland,Europe,"Coffee, not roasted, not decaffeinated",2014,10927.55948,1880.285822
251,FRA,France,Europe,"Coffee, not roasted, not decaffeinated",2014,16363.84671,4665.385254
258,PYF,French Polynesia,Oceania (excl. Australia and New Zealand),"Coffee, not roasted, not decaffeinated",2014,12.282,3.004
262,DJI,Djibouti,Sub-Saharan Africa,"Coffee, not roasted, not decaffeinated",2014,5875.31085,1094.924
266,GAB,Gabon,Sub-Saharan Africa,"Coffee, not roasted, not decaffeinated",2014,2.146,0.107
268,GEO,Georgia,Northern Africa and Western Asia,"Coffee, not roasted, not decaffeinated",2014,289.737,138
276,DEU,Germany,Europe,"Coffee, not roasted, not decaffeinated",2014,387566.2599,124597.4562
288,GHA,Ghana,Sub-Saharan Africa,"Coffee, not roasted, not decaffeinated",2014,893.259679,469.42731
300,GRC,Greece,Europe,"Coffee, not roasted, not decaffeinated",2014,6332.350159,2952.196481
308,GRD,Grenada,Latin America and the Caribbean,"Coffee, not roasted, not decaffeinated",2014,249.101,115.2
316,GUM,Guam,Oceania (excl. Australia and New Zealand),"Coffee, not roasted, not decaffeinated",2014,0.968,0.141
320,GTM,Guatemala,Latin America and the Caribbean,"Coffee, not roasted, not decaffeinated",2014,772659.8805,184224.3648
324,GIN,Guinea,Sub-Saharan Africa,"Coffee, not roasted, not decaffeinated",2014,3224.06894,2098.470935
328,GUY,Guyana,Latin America and the Caribbean,"Coffee, not roasted, not decaffeinated",2014,0.035,0.006
332,HTI,Haiti,Latin America and the Caribbean,"Coffee, not roasted, not decaffeinated",2014,1071.20791,181.669
340,HND,Honduras,Latin America and the Caribbean,"Coffee, not roasted, not decaffeinated",2014,832446.3043,244967.2361
344,HKG,"China, Hong Kong SAR",China,"Coffee, not roasted, not decaffeinated",2014,5872.926244,2045.654036
348,HUN,Hungary,Europe,"Coffee, not roasted, not decaffeinated",2014,7849.380563,1705.042584
352,ISL,Iceland,Europe,"Coffee, not roasted, not decaffeinated",2014,0.254,0.05
360,IDN,Indonesia,Eastern and South-Eastern Asia (excl. China),"Coffee, not roasted, not decaffeinated",2014,1067212.771,386675.2968
364,IRN,Iran,Central and Southern Asia,"Coffee, not roasted, not decaffeinated",2014,10.1922185,1.2942942
372,IRL,Ireland,Europe,"Coffee, not roasted, not decaffeinated",2014,2140.946591,183.175564
376,ISR,Israel,Northern Africa and Western Asia,"Coffee, not roasted, not decaffeinated",2014,580.721971,179.529594
381,ITA,Italy,Europe,"Coffee, not roasted, not decaffeinated",2014,43379.61319,10170.46059
384,CIV,Cote d'Ivoire,Sub-Saharan Africa,"Coffee, not roasted, not decaffeinated",2014,142251.8025,70976.20027
388,JAM,Jamaica,Latin America and the Caribbean,"Coffee, not roasted, not decaffeinated",2014,16838.5839,1516.134832
392,JPN,Japan,Eastern and South-Eastern Asia (excl. China),"Coffee, not roasted, not decaffeinated",2014,1724.649835,535.1944244
398,KAZ,Kazakhstan,Central and Southern Asia,"Coffee, not roasted, not decaffeinated",2014,10.09435405,1.384558034
400,JOR,Jordan,Northern Africa and Western Asia,"Coffee, not roasted, not decaffeinated",2014,5698.826372,2474.843931
404,KEN,Kenya,Sub-Saharan Africa,"Coffee, not roasted, not decaffeinated",2014,217148.0736,45727.20722
410,KOR,"Korea, Republic",Eastern and South-Eastern Asia (excl. China),"Coffee, not roasted, not decaffeinated",2014,895.00808,205.928356
414,KWT,Kuwait,Northern Africa and Western Asia,"Coffee, not roasted, not decaffeinated",2014,189.63,50.238
418,LAO,Lao PDR,Eastern and South-Eastern Asia (excl. China),"Coffee, not roasted, not decaffeinated",2014,72053.08735,25008.56133
422,LBN,Lebanon,Northern Africa and Western Asia,"Coffee, not roasted, not decaffeinated",2014,1151.084423,207.1574252
426,LSO,Lesotho,Sub-Saharan Africa,"Coffee, not roasted, not decaffeinated",2014,0.6830302,0.2008
428,LVA,Latvia,Europe,"Coffee, not roasted, not decaffeinated",2014,1193.914967,234.36686
430,LBR,Liberia,Sub-Saharan Africa,"Coffee, not roasted, not decaffeinated",2014,150.13874,56.378
440,LTU,Lithuania,Europe,"Coffee, not roasted, not decaffeinated",2014,1288.223162,209.691612
442,LUX,Luxembourg,Europe,"Coffee, not roasted, not decaffeinated",2014,1055.22274,77.254127
446,MAC,"China, Macao SAR",China,"Coffee, not roasted, not decaffeinated",2014,98.443,85.489
450,MDG,Madagascar,Sub-Saharan Africa,"Coffee, not roasted, not decaffeinated",2014,17634.30709,9094.188769
454,MWI,Malawi,Sub-Saharan Africa,"Coffee, not roasted, not decaffeinated",2014,5257.81861,1452.248983
458,MYS,Malaysia,Eastern and South-Eastern Asia (excl. China),"Coffee, not roasted, not decaffeinated",2014,4594.250784,1282.451218
470,MLT,Malta,Europe,"Coffee, not roasted, not decaffeinated",2014,32.459,0.45
473,,"Latin American Integration Association, nes",,"Coffee, not roasted, not decaffeinated",2014,84.723,38.5
480,MUS,Mauritius,Sub-Saharan Africa,"Coffee, not roasted, not decaffeinated",2014,1.262215,0.0775
484,MEX,Mexico,Latin America and the Caribbean,"Coffee, not roasted, not decaffeinated",2014,347896.0726,87193.40577
490,,"Other Asia, nes",,"Coffee, not roasted, not decaffeinated",2014,1265.425324,330.5453173
499,MNE,Montenegro,Europe,"Coffee, not roasted, not decaffeinated",2014,31.185,4.554
504,MAR,Morocco,Northern Africa and Western Asia,"Coffee, not roasted, not decaffeinated",2014,3.03303,0.1722
508,MOZ,Mozambique,Sub-Saharan Africa,"Coffee, not roasted, not decaffeinated",2014,176.481739,73.35378
512,OMN,Oman,Northern Africa and Western Asia,"Coffee, not roasted, not decaffeinated",2014,477.58915,118.2
516,NAM,Namibia,Sub-Saharan Africa,"Coffee, not roasted, not decaffeinated",2014,77.14307907,19.12367923
520,NRU,Nauru,Oceania (excl. Australia and New Zealand),"Coffee, not roasted, not decaffeinated",2014,0.002,0.001
524,NPL,Nepal,Central and Southern Asia,"Coffee, not roasted, not decaffeinated",2014,391.1926642,46.52767044
528,NLD,Netherlands,Europe,"Coffee, not roasted, not decaffeinated",2014,78180.42616,18585.49817
531,CUW,Curacao,Latin America and the Caribbean,"Coffee, not roasted, not decaffeinated",2014,2.626,0.175
533,ABW,Aruba,Latin America and the Caribbean,"Coffee, not roasted, not decaffeinated",2014,,
540,NCL,New Caledonia,Oceania (excl. Australia and New Zealand),"Coffee, not roasted, not decaffeinated",2014,73.146,19.002
548,VUT,Vanuatu,Oceania (excl. Australia and New Zealand),"Coffee, not roasted, not decaffeinated",2014,243.52689,43.308
554,NZL,New Zealand,Australia and New Zealand,"Coffee, not roasted, not decaffeinated",2014,1316.6105,236.5716255
558,NIC,Nicaragua,Latin America and the Caribbean,"Coffee, not roasted, not decaffeinated",2014,452731.3813,114116.1832
562,NER,Niger,Sub-Saharan Africa,"Coffee, not roasted, not decaffeinated",2014,11.065,26.916
566,NGA,Nigeria,Sub-Saharan Africa,"Coffee, not roasted, not decaffeinated",2014,220.731093,62.718662
568,,"Other Europe, nes",,"Coffee, not roasted, not decaffeinated",2014,4748.9515,655.732
579,NOR,Norway,Europe,"Coffee, not roasted, not decaffeinated",2014,1067.892066,155.8339194
580,MNP,Northern Mariana Islands,Oceania (excl. Australia and New Zealand),"Coffee, not roasted, not decaffeinated",2014,0.159,0.006
583,FSM,Micronesia,Oceania (excl. Australia and New Zealand),"Coffee, not roasted, not decaffeinated",2014,0.262,0.144
584,MHL,Marshall Islands,Oceania (excl. Australia and New Zealand),"Coffee, not roasted, not decaffeinated",2014,0.042652,0.00262
586,PAK,Pakistan,Central and Southern Asia,"Coffee, not roasted, not decaffeinated",2014,0.029,0.01
591,PAN,Panama,Latin America and the Caribbean,"Coffee, not roasted, not decaffeinated",2014,12916.84381,2461.502903
598,PNG,Papua New Guinea,Oceania (excl. Australia and New Zealand),"Coffee, not roasted, not decaffeinated",2014,182246.6664,47111.6282
600,PRY,Paraguay,Latin America and the Caribbean,"Coffee, not roasted, not decaffeinated",2014,2.134,0.924
604,PER,Peru,Latin America and the Caribbean,"Coffee, not roasted, not decaffeinated",2014,737002.7374,184235.9695
608,PHL,Philippines,Eastern and South-Eastern Asia (excl. China),"Coffee, not roasted, not decaffeinated",2014,36.79870672,6.773358067
616,POL,Poland,Europe,"Coffee, not roasted, not decaffeinated",2014,10623.58245,2576.9432
620,PRT,Portugal,Europe,"Coffee, not roasted, not decaffeinated",2014,6380.002839,1379.601968
624,GNB,Guinea-Bissau,Sub-Saharan Africa,"Coffee, not roasted, not decaffeinated",2014,1.156,0.12
626,TLS,Timor-Leste,Eastern and South-Eastern Asia (excl. China),"Coffee, not roasted, not decaffeinated",2014,17229.25895,4712.6764
634,QAT,Qatar,Northern Africa and Western Asia,"Coffee, not roasted, not decaffeinated",2014,0.045,0.002
637,,"North America and Central America, nes",,"Coffee, not roasted, not decaffeinated",2014,11.42,0.245
642,ROU,Romania,Europe,"Coffee, not roasted, not decaffeinated",2014,1290.860504,194.4828172
643,RUS,Russian Federation,Europe,"Coffee, not roasted, not decaffeinated",2014,684.119082,148.990535
646,RWA,Rwanda,Sub-Saharan Africa,"Coffee, not roasted, not decaffeinated",2014,67718.40817,17373.23077
654,SHN,Saint Helena,Sub-Saharan Africa,"Coffee, not roasted, not decaffeinated",2014,6.741,0.08
659,KNA,Saint Kitts and Nevis,Latin America and the Caribbean,"Coffee, not roasted, not decaffeinated",2014,2.209,0.6
662,LCA,Saint Lucia,Latin America and the Caribbean,"Coffee, not roasted, not decaffeinated",2014,11.806396,0.22
666,SPM,Saint Pierre and Miquelon,Northern America,"Coffee, not roasted, not decaffeinated",2014,159.49,57.6
670,VCT,Saint Vincent and the Grenadines,Latin America and the Caribbean,"Coffee, not roasted, not decaffeinated",2014,,
674,SMR,San Marino,Europe,"Coffee, not roasted, not decaffeinated",2014,50.237571,4.518
678,STP,Sao Tome and Principe,Sub-Saharan Africa,"Coffee, not roasted, not decaffeinated",2014,19.893,2.23
682,SAU,Saudi Arabia,Northern Africa and Western Asia,"Coffee, not roasted, not decaffeinated",2014,868.703125,516.466256
686,SEN,Senegal,Sub-Saharan Africa,"Coffee, not roasted, not decaffeinated",2014,54.289316,11.206
688,SRB,Serbia,Europe,"Coffee, not roasted, not decaffeinated",2014,173.1625526,87.214
694,SLE,Sierra Leone,Sub-Saharan Africa,"Coffee, not roasted, not decaffeinated",2014,2841.197655,1189.475
699,IND,India,Central and Southern Asia,"Coffee, not roasted, not decaffeinated",2014,558735.7536,203815.6693
702,SGP,Singapore,Eastern and South-Eastern Asia (excl. China),"Coffee, not roasted, not decaffeinated",2014,8143.349771,2058.18051
703,SVK,Slovakia,Europe,"Coffee, not roasted, not decaffeinated",2014,4377.326423,720.36212
704,VNM,Vietnam,Eastern and South-Eastern Asia (excl. China),"Coffee, not roasted, not decaffeinated",2014,3408152.036,1675828.198
705,SVN,Slovenia,Europe,"Coffee, not roasted, not decaffeinated",2014,2117.73816,973.159374
710,ZAF,South Africa,Sub-Saharan Africa,"Coffee, not roasted, not decaffeinated",2014,6345.520286,1859.100749
716,ZWE,Zimbabwe,Sub-Saharan Africa,"Coffee, not roasted, not decaffeinated",2014,2269.446673,936.3058069
724,ESP,Spain,Europe,"Coffee, not roasted, not decaffeinated",2014,44746.75297,11459.86465
728,SSD,South Sudan,Sub-Saharan Africa,"Coffee, not roasted, not decaffeinated",2014,24.261,7.572
729,SDN,Sudan,Northern Africa and Western Asia,"Coffee, not roasted, not decaffeinated",2014,59.367596,7.62
748,SWZ,Eswatini,Sub-Saharan Africa,"Coffee, not roasted, not decaffeinated",2014,9.292397,4.5372086
752,SWE,Sweden,Europe,"Coffee, not roasted, not decaffeinated",2014,7440.427827,1532.691909
757,CHE,Switzerland,Europe,"Coffee, not roasted, not decaffeinated",2014,24466.63675,7827.268868
760,SYR,Syria,Northern Africa and Western Asia,"Coffee, not roasted, not decaffeinated",2014,27.931718,11.199
764,THA,Thailand,Eastern and South-Eastern Asia (excl. China),"Coffee, not roasted, not decaffeinated",2014,4077.628279,1007.002409
768,TGO,Togo,Sub-Saharan Africa,"Coffee, not roasted, not decaffeinated",2014,18852.69354,8267.964615
780,TTO,Trinidad and Tobago,Latin America and the Caribbean,"Coffee, not roasted, not decaffeinated",2014,11.43762735,1.43764111
784,ARE,United Arab Emirates,Northern Africa and Western Asia,"Coffee, not roasted, not decaffeinated",2014,8540.185711,3581.306565
788,TUN,Tunisia,Northern Africa and Western Asia,"Coffee, not roasted, not decaffeinated",2014,14.006685,4.583
792,TUR,Turkey,Northern Africa and Western Asia,"Coffee, not roasted, not decaffeinated",2014,6774.249387,3044.160751
800,UGA,Uganda,Sub-Saharan Africa,"Coffee, not roasted, not decaffeinated",2014,421951.0773,193356.2869
804,UKR,Ukraine,Europe,"Coffee, not roasted, not decaffeinated",2014,7.980483,0.961
818,EGY,Egypt,Northern Africa and Western Asia,"Coffee, not roasted, not decaffeinated",2014,152.6494118,23.11500937
826,GBR,United Kingdom,Europe,"Coffee, not roasted, not decaffeinated",2014,30078.71005,6777.523078
834,TZA,Tanzania,Sub-Saharan Africa,"Coffee, not roasted, not decaffeinated",2014,135798.9476,45744.62756
842,USA,United States,Northern America,"Coffee, not roasted, not decaffeinated",2014,145520.8337,39898.28896
854,BFA,Burkina Faso,Sub-Saharan Africa,"Coffee, not roasted, not decaffeinated",2014,1.620032,0.15
862,VEN,Venezuela,Latin America and the Caribbean,"Coffee, not roasted, not decaffeinated",2014,13.051365,1.45
887,YEM,Yemen,Northern Africa and Western Asia,"Coffee, not roasted, not decaffeinated",2014,10541.27813,3084.663372
894,ZMB,Zambia,Sub-Saharan Africa,"Coffee, not roasted, not decaffeinated",2014,1058.204899,304.779268
899,,"Areas, nes",,"Coffee, not roasted, not decaffeinated",2014,7145.630908,2486.796915
8,ALB,Albania,Europe,"Coffee, not roasted, not decaffeinated",2015,41.951007,19.366
20,AND,Andorra,Europe,"Coffee, not roasted, not decaffeinated",2015,0.002218,0.001
24,AGO,Angola,Sub-Saharan Africa,"Coffee, not roasted, not decaffeinated",2015,1353.263434,674.08882
28,ATG,Antigua and Barbuda,Latin America and the Caribbean,"Coffee, not roasted, not decaffeinated",2015,497.6992765,155.397
32,ARG,Argentina,Latin America and the Caribbean,"Coffee, not roasted, not decaffeinated",2015,356.595197,63.019769
36,AUS,Australia,Australia and New Zealand,"Coffee, not roasted, not decaffeinated",2015,4780.757557,978.6405503
40,AUT,Austria,Europe,"Coffee, not roasted, not decaffeinated",2015,4981.720681,1195.168458
48,BHR,Bahrain,Northern Africa and Western Asia,"Coffee, not roasted, not decaffeinated",2015,12.112715,2.42716
50,BGD,Bangladesh,Central and Southern Asia,"Coffee, not roasted, not decaffeinated",2015,3.743168,1.37
51,ARM,Armenia,Northern Africa and Western Asia,"Coffee, not roasted, not decaffeinated",2015,639.518389,317.76965
52,BRB,Barbados,Latin America and the Caribbean,"Coffee, not roasted, not decaffeinated",2015,14.590515,0.474244
56,BEL,Belgium,Europe,"Coffee, not roasted, not decaffeinated",2015,116054.151,38182.4851
68,BOL,Bolivia,Latin America and the Caribbean,"Coffee, not roasted, not decaffeinated",2015,11940.46361,2157.697915
70,BIH,Bosnia Herzegovina,Europe,"Coffee, not roasted, not decaffeinated",2015,95.404273,37.0834711
72,BWA,Botswana,Sub-Saharan Africa,"Coffee, not roasted, not decaffeinated",2015,1.59847318,0.55047448
74,BVT,Bouvet Island,,"Coffee, not roasted, not decaffeinated",2015,,
76,BRA,Brazil,Latin America and the Caribbean,"Coffee, not roasted, not decaffeinated",2015,5763425.153,1971080.914
84,BLZ,Belize,Latin America and the Caribbean,"Coffee, not roasted, not decaffeinated",2015,201.640029,61.61928
86,IOT,British Indian Ocean Territory,,"Coffee, not roasted, not decaffeinated",2015,,
92,VGB,British Virgin Islands,Latin America and the Caribbean,"Coffee, not roasted, not decaffeinated",2015,0.769935,0.28
96,BRN,Brunei Darussalam,Eastern and South-Eastern Asia (excl. China),"Coffee, not roasted, not decaffeinated",2015,32.039,17.324
100,BGR,Bulgaria,Europe,"Coffee, not roasted, not decaffeinated",2015,2069.620046,411.6643945
104,MMR,Myanmar,Eastern and South-Eastern Asia (excl. China),"Coffee, not roasted, not decaffeinated",2015,2228.2438,1342.294766
108,BDI,Burundi,Sub-Saharan Africa,"Coffee, not roasted, not decaffeinated",2015,44965.7745,13289.0666
112,BLR,Belarus,Europe,"Coffee, not roasted, not decaffeinated",2015,2.958329,0.922
116,KHM,Cambodia,Eastern and South-Eastern Asia (excl. China),"Coffee, not roasted, not decaffeinated",2015,7.0754887,2.448
120,CMR,Cameroon,Sub-Saharan Africa,"Coffee, not roasted, not decaffeinated",2015,60524.72152,29152.30187
124,CAN,Canada,Northern America,"Coffee, not roasted, not decaffeinated",2015,24520.57899,5850.125798
132,CPV,Cabo Verde,Sub-Saharan Africa,"Coffee, not roasted, not decaffeinated",2015,235.88884,20.753269
136,CYM,Cayman Islands,Latin America and the Caribbean,"Coffee, not roasted, not decaffeinated",2015,1.934235,0.24
140,CAF,Central African Republic,Sub-Saharan Africa,"Coffee, not roasted, not decaffeinated",2015,374.28654,188.26091
144,LKA,Sri Lanka,Central and Southern Asia,"Coffee, not roasted, not decaffeinated",2015,93.905852,20.9265461
148,TCD,Chad,Sub-Saharan Africa,"Coffee, not roasted, not decaffeinated",2015,1.499,0.21
152,CHL,Chile,Latin America and the Caribbean,"Coffee, not roasted, not decaffeinated",2015,283.618266,79.65284
156,CHN,China,China,"Coffee, not roasted, not decaffeinated",2015,160043.3062,52879.58407
162,CXR,Christmas Islands,,"Coffee, not roasted, not decaffeinated",2015,,
166,CCK,Cocos Islands,,"Coffee, not roasted, not decaffeinated",2015,7.1,0.8
170,COL,Colombia,Latin America and the Caribbean,"Coffee, not roasted, not decaffeinated",2015,2642681.164,703128.4572
178,COG,"Congo, Republic",Sub-Saharan Africa,"Coffee, not roasted, not decaffeinated",2015,9708.299649,3418.255
180,COD,"Congo, Democratic Republic",Sub-Saharan Africa,"Coffee, not roasted, not decaffeinated",2015,19072.01066,6765.516389
184,COK,Cook Islands,Oceania (excl. Australia and New Zealand),"Coffee, not roasted, not decaffeinated",2015,0.007042,0.001
188,CRI,Costa Rica,Latin America and the Caribbean,"Coffee, not roasted, not decaffeinated",2015,319706.6218,68827.81221
191,HRV,Croatia,Europe,"Coffee, not roasted, not decaffeinated",2015,366.535578,144.67469
192,CUB,Cuba,Latin America and the Caribbean,"Coffee, not roasted, not decaffeinated",2015,2948.698134,512.86687
196,CYP,Cyprus,Northern Africa and Western Asia,"Coffee, not roasted, not decaffeinated",2015,678.1613813,39.4510651
203,CZE,Czech Republic,Europe,"Coffee, not roasted, not decaffeinated",2015,15214.57875,2266.289865
204,BEN,Benin,Sub-Saharan Africa,"Coffee, not roasted, not decaffeinated",2015,0.115639,0.011
208,DNK,Denmark,Europe,"Coffee, not roasted, not decaffeinated",2015,3096.016785,534.4739981
212,DMA,Dominica,Latin America and the Caribbean,"Coffee, not roasted, not decaffeinated",2015,99.112425,17.534
214,DOM,Dominican Republic,Latin America and the Caribbean,"Coffee, not roasted, not decaffeinated",2015,5402.541238,813.3483072
218,ECU,Ecuador,Latin America and the Caribbean,"Coffee, not roasted, not decaffeinated",2015,20664.63887,6406.784734
222,SLV,El Salvador,Latin America and the Caribbean,"Coffee, not roasted, not decaffeinated",2015,149563.2293,34787.61731
231,ETH,Ethiopia,Sub-Saharan Africa,"Coffee, not roasted, not decaffeinated",2015,698186.5862,172634.0074
233,EST,Estonia,Europe,"Coffee, not roasted, not decaffeinated",2015,1080.769995,313.419166
242,FJI,Fiji,Oceania (excl. Australia and New Zealand),"Coffee, not roasted, not decaffeinated",2015,0.181157,0.01
246,FIN,Finland,Europe,"Coffee, not roasted, not decaffeinated",2015,31739.67845,7925.20067
251,FRA,France,Europe,"Coffee, not roasted, not decaffeinated",2015,17096.52011,4717.827822
262,DJI,Djibouti,Sub-Saharan Africa,"Coffee, not roasted, not decaffeinated",2015,11896.60809,2228.256
268,GEO,Georgia,Northern Africa and Western Asia,"Coffee, not roasted, not decaffeinated",2015,631.926398,304.246
276,DEU,Germany,Europe,"Coffee, not roasted, not decaffeinated",2015,433210.6703,140070.4543
288,GHA,Ghana,Sub-Saharan Africa,"Coffee, not roasted, not decaffeinated",2015,488.746674,165.898362
296,KIR,Kiribati,Oceania (excl. Australia and New Zealand),"Coffee, not roasted, not decaffeinated",2015,,
300,GRC,Greece,Europe,"Coffee, not roasted, not decaffeinated",2015,11183.97807,5313.63357
316,GUM,Guam,Oceania (excl. Australia and New Zealand),"Coffee, not roasted, not decaffeinated",2015,36.40776,9.497
320,GTM,Guatemala,Latin America and the Caribbean,"Coffee, not roasted, not decaffeinated",2015,701633.053,173976.2078
324,GIN,Guinea,Sub-Saharan Africa,"Coffee, not roasted, not decaffeinated",2015,17713.07142,13646.22346
328,GUY,Guyana,Latin America and the Caribbean,"Coffee, not roasted, not decaffeinated",2015,0.066525,0.024
332,HTI,Haiti,Latin America and the Caribbean,"Coffee, not roasted, not decaffeinated",2015,831.750027,157.422
340,HND,Honduras,Latin America and the Caribbean,"Coffee, not roasted, not decaffeinated",2015,984455.0504,279944.6633
344,HKG,"China, Hong Kong SAR",China,"Coffee, not roasted, not decaffeinated",2015,2406.304974,614.614384
348,HUN,Hungary,Europe,"Coffee, not roasted, not decaffeinated",2015,1831.854751,486.4479081
352,ISL,Iceland,Europe,"Coffee, not roasted, not decaffeinated",2015,5.077004,1.858
360,IDN,Indonesia,Eastern and South-Eastern Asia (excl. China),"Coffee, not roasted, not decaffeinated",2015,1256991.761,499162.6773
364,IRN,Iran,Central and Southern Asia,"Coffee, not roasted, not decaffeinated",2015,2.702755,0.263
372,IRL,Ireland,Europe,"Coffee, not roasted, not decaffeinated",2015,2336.918507,248.799845
376,ISR,Israel,Northern Africa and Western Asia,"Coffee, not roasted, not decaffeinated",2015,1110.513717,363.0416331
381,ITA,Italy,Europe,"Coffee, not roasted, not decaffeinated",2015,42324.79246,9931.235582
384,CIV,Cote d'Ivoire,Sub-Saharan Africa,"Coffee, not roasted, not decaffeinated",2015,124545.5774,65522.95726
388,JAM,Jamaica,Latin America and the Caribbean,"Coffee, not roasted, not decaffeinated",2015,28669.6068,1280.63123
392,JPN,Japan,Eastern and South-Eastern Asia (excl. China),"Coffee, not roasted, not decaffeinated",2015,1069.182847,365.800687
398,KAZ,Kazakhstan,Central and Southern Asia,"Coffee, not roasted, not decaffeinated",2015,2.454196,0.685
400,JOR,Jordan,Northern Africa and Western Asia,"Coffee, not roasted, not decaffeinated",2015,3236.088728,1298.193
404,KEN,Kenya,Sub-Saharan Africa,"Coffee, not roasted, not decaffeinated",2015,220233.7373,46397.23258
410,KOR,"Korea, Republic",Eastern and South-Eastern Asia (excl. China),"Coffee, not roasted, not decaffeinated",2015,2450.265939,548.6735028
414,KWT,Kuwait,Northern Africa and Western Asia,"Coffee, not roasted, not decaffeinated",2015,189.187712,30.080997
418,LAO,Lao PDR,Eastern and South-Eastern Asia (excl. China),"Coffee, not roasted, not decaffeinated",2015,68307.96166,22378.97965
422,LBN,Lebanon,Northern Africa and Western Asia,"Coffee, not roasted, not decaffeinated",2015,544.3802881,94.43721278
426,LSO,Lesotho,Sub-Saharan Africa,"Coffee, not roasted, not decaffeinated",2015,0.09283425,0.009857539
428,LVA,Latvia,Europe,"Coffee, not roasted, not decaffeinated",2015,519.1180401,70.14734478
430,LBR,Liberia,Sub-Saharan Africa,"Coffee, not roasted, not decaffeinated",2015,253.790915,133.702
440,LTU,Lithuania,Europe,"Coffee, not roasted, not decaffeinated",2015,1547.648245,237.9604176
442,LUX,Luxembourg,Europe,"Coffee, not roasted, not decaffeinated",2015,316.6558371,58.41821663
446,MAC,"China, Macao SAR",China,"Coffee, not roasted, not decaffeinated",2015,179.11469,58.534335
450,MDG,Madagascar,Sub-Saharan Africa,"Coffee, not roasted, not decaffeinated",2015,7104.580665,3506.230008
454,MWI,Malawi,Sub-Saharan Africa,"Coffee, not roasted, not decaffeinated",2015,4275.635408,1117.725558
458,MYS,Malaysia,Eastern and South-Eastern Asia (excl. China),"Coffee, not roasted, not decaffeinated",2015,2426.23277,601.2593358
462,MDV,Maldives,Central and Southern Asia,"Coffee, not roasted, not decaffeinated",2015,0.011088,0.004
466,MLI,Mali,Sub-Saharan Africa,"Coffee, not roasted, not decaffeinated",2015,0.968329,2.72
470,MLT,Malta,Europe,"Coffee, not roasted, not decaffeinated",2015,444.96151,54.70612
478,MRT,Mauritania,Sub-Saharan Africa,"Coffee, not roasted, not decaffeinated",2015,0.001109,0.000369
480,MUS,Mauritius,Sub-Saharan Africa,"Coffee, not roasted, not decaffeinated",2015,4.040509,1.3494
484,MEX,Mexico,Latin America and the Caribbean,"Coffee, not roasted, not decaffeinated",2015,294282.1812,77492.56671
490,,"Other Asia, nes",,"Coffee, not roasted, not decaffeinated",2015,2514.30605,527.6441176
498,MDA,Moldova,Europe,"Coffee, not roasted, not decaffeinated",2015,240.367109,25.018369
499,MNE,Montenegro,Europe,"Coffee, not roasted, not decaffeinated",2015,15.098109,1.060369
504,MAR,Morocco,Northern Africa and Western Asia,"Coffee, not roasted, not decaffeinated",2015,75.399571,38.525
508,MOZ,Mozambique,Sub-Saharan Africa,"Coffee, not roasted, not decaffeinated",2015,164.97936,38.477
512,OMN,Oman,Northern Africa and Western Asia,"Coffee, not roasted, not decaffeinated",2015,208.66883,54.143
516,NAM,Namibia,Sub-Saharan Africa,"Coffee, not roasted, not decaffeinated",2015,190.4402989,38.96617719
524,NPL,Nepal,Central and Southern Asia,"Coffee, not roasted, not decaffeinated",2015,882.9791054,94.50172955
528,NLD,Netherlands,Europe,"Coffee, not roasted, not decaffeinated",2015,62231.31918,16877.04741
531,CUW,Curacao,Latin America and the Caribbean,"Coffee, not roasted, not decaffeinated",2015,0.53302,0.032
533,ABW,Aruba,Latin America and the Caribbean,"Coffee, not roasted, not decaffeinated",2015,1.419118,0.792
535,BES,Bonaire,Latin America and the Caribbean,"Coffee, not roasted, not decaffeinated",2015,0.056547,0.021
540,NCL,New Caledonia,Oceania (excl. Australia and New Zealand),"Coffee, not roasted, not decaffeinated",2015,184.761,38.222
548,VUT,Vanuatu,Oceania (excl. Australia and New Zealand),"Coffee, not roasted, not decaffeinated",2015,174.319,22.557
554,NZL,New Zealand,Australia and New Zealand,"Coffee, not roasted, not decaffeinated",2015,964.88188,141.7540874
558,NIC,Nicaragua,Latin America and the Caribbean,"Coffee, not roasted, not decaffeinated",2015,418855.4264,104103.5231
562,NER,Niger,Sub-Saharan Africa,"Coffee, not roasted, not decaffeinated",2015,45.225,29.92
566,NGA,Nigeria,Sub-Saharan Africa,"Coffee, not roasted, not decaffeinated",2015,370.377968,134.204
568,,"Other Europe, nes",,"Coffee, not roasted, not decaffeinated",2015,3142.054931,377.554
579,NOR,Norway,Europe,"Coffee, not roasted, not decaffeinated",2015,811.402691,171.534231
581,UMI,United States Minor Outlying Islands,,"Coffee, not roasted, not decaffeinated",2015,0.064944,0.015
586,PAK,Pakistan,Central and Southern Asia,"Coffee, not roasted, not decaffeinated",2015,3.195679,1.49
591,PAN,Panama,Latin America and the Caribbean,"Coffee, not roasted, not decaffeinated",2015,12815.52256,1565.882949
598,PNG,Papua New Guinea,Oceania (excl. Australia and New Zealand),"Coffee, not roasted, not decaffeinated",2015,147120.1463,38933.8413
604,PER,Peru,Latin America and the Caribbean,"Coffee, not roasted, not decaffeinated",2015,626280.7214,179356.9303
608,PHL,Philippines,Eastern and South-Eastern Asia (excl. China),"Coffee, not roasted, not decaffeinated",2015,63.9973075,9.62221143
612,PCN,Pitcairn,Oceania (excl. Australia and New Zealand),"Coffee, not roasted, not decaffeinated",2015,521.433,172.03
616,POL,Poland,Europe,"Coffee, not roasted, not decaffeinated",2015,20060.70805,5598.634837
620,PRT,Portugal,Europe,"Coffee, not roasted, not decaffeinated",2015,2975.833195,765.5205353
626,TLS,Timor-Leste,Eastern and South-Eastern Asia (excl. China),"Coffee, not roasted, not decaffeinated",2015,11913.01707,3439.7007
634,QAT,Qatar,Northern Africa and Western Asia,"Coffee, not roasted, not decaffeinated",2015,9.410876,1.85482
642,ROU,Romania,Europe,"Coffee, not roasted, not decaffeinated",2015,595.5045395,115.3554294
643,RUS,Russian Federation,Europe,"Coffee, not roasted, not decaffeinated",2015,1308.618084,348.279395
646,RWA,Rwanda,Sub-Saharan Africa,"Coffee, not roasted, not decaffeinated",2015,61656.84245,16788.29439
654,SHN,Saint Helena,Sub-Saharan Africa,"Coffee, not roasted, not decaffeinated",2015,,
662,LCA,Saint Lucia,Latin America and the Caribbean,"Coffee, not roasted, not decaffeinated",2015,18.302,0.515
674,SMR,San Marino,Europe,"Coffee, not roasted, not decaffeinated",2015,31.23644,3.488
678,STP,Sao Tome and Principe,Sub-Saharan Africa,"Coffee, not roasted, not decaffeinated",2015,56.248,9.262
682,SAU,Saudi Arabia,Northern Africa and Western Asia,"Coffee, not roasted, not decaffeinated",2015,1899.569033,1161.675668
686,SEN,Senegal,Sub-Saharan Africa,"Coffee, not roasted, not decaffeinated",2015,27.4103736,9.7953737
688,SRB,Serbia,Europe,"Coffee, not roasted, not decaffeinated",2015,56.7819155,14.6119637
694,SLE,Sierra Leone,Sub-Saharan Africa,"Coffee, not roasted, not decaffeinated",2015,2781.139827,1326.940057
699,IND,India,Central and Southern Asia,"Coffee, not roasted, not decaffeinated",2015,545348.081,202500.4617
702,SGP,Singapore,Eastern and South-Eastern Asia (excl. China),"Coffee, not roasted, not decaffeinated",2015,12992.63345,3376.689156
703,SVK,Slovakia,Europe,"Coffee, not roasted, not decaffeinated",2015,5468.925324,1300.6436
704,VNM,Vietnam,Eastern and South-Eastern Asia (excl. China),"Coffee, not roasted, not decaffeinated",2015,2541634.129,1303483.084
705,SVN,Slovenia,Europe,"Coffee, not roasted, not decaffeinated",2015,2811.672604,1138.230813
710,ZAF,South Africa,Sub-Saharan Africa,"Coffee, not roasted, not decaffeinated",2015,5095.524592,1466.218228
716,ZWE,Zimbabwe,Sub-Saharan Africa,"Coffee, not roasted, not decaffeinated",2015,2246.057802,671.475932
724,ESP,Spain,Europe,"Coffee, not roasted, not decaffeinated",2015,28937.04979,8238.239256
728,SSD,South Sudan,Sub-Saharan Africa,"Coffee, not roasted, not decaffeinated",2015,31.512686,4.601
740,SUR,Suriname,Latin America and the Caribbean,"Coffee, not roasted, not decaffeinated",2015,0.066,0.043
748,SWZ,Eswatini,Sub-Saharan Africa,"Coffee, not roasted, not decaffeinated",2015,164.6924325,70.06176338
752,SWE,Sweden,Europe,"Coffee, not roasted, not decaffeinated",2015,5083.27944,1116.359139
757,CHE,Switzerland,Europe,"Coffee, not roasted, not decaffeinated",2015,29743.80522,9642.744293
760,SYR,Syria,Northern Africa and Western Asia,"Coffee, not roasted, not decaffeinated",2015,92.813358,28.150313
764,THA,Thailand,Eastern and South-Eastern Asia (excl. China),"Coffee, not roasted, not decaffeinated",2015,4867.818424,1153.350596
768,TGO,Togo,Sub-Saharan Africa,"Coffee, not roasted, not decaffeinated",2015,22358.26478,10629.4397
780,TTO,Trinidad and Tobago,Latin America and the Caribbean,"Coffee, not roasted, not decaffeinated",2015,15.955386,2.82674
784,ARE,United Arab Emirates,Northern Africa and Western Asia,"Coffee, not roasted, not decaffeinated",2015,11060.57616,4116.620615
788,TUN,Tunisia,Northern Africa and Western Asia,"Coffee, not roasted, not decaffeinated",2015,0.35261,0.116
792,TUR,Turkey,Northern Africa and Western Asia,"Coffee, not roasted, not decaffeinated",2015,5987.982156,2001.49209
795,TKM,Turkmenistan,Central and Southern Asia,"Coffee, not roasted, not decaffeinated",2015,0.505171,0.103
800,UGA,Uganda,Sub-Saharan Africa,"Coffee, not roasted, not decaffeinated",2015,416677.3516,205411.7364
804,UKR,Ukraine,Europe,"Coffee, not roasted, not decaffeinated",2015,3.427471,1.258
807,MKD,North Macedonia,Europe,"Coffee, not roasted, not decaffeinated",2015,0.221752,0.081
818,EGY,Egypt,Northern Africa and Western Asia,"Coffee, not roasted, not decaffeinated",2015,56.000138,23.460438
826,GBR,United Kingdom,Europe,"Coffee, not roasted, not decaffeinated",2015,39466.34479,8651.02354
834,TZA,Tanzania,Sub-Saharan Africa,"Coffee, not roasted, not decaffeinated",2015,159352.9158,49369.63885
838,,Free Zones,,"Coffee, not roasted, not decaffeinated",2015,2960.68184,907.77138
839,,Special Categories,,"Coffee, not roasted, not decaffeinated",2015,0.029475,0.00375
842,USA,United States,Northern America,"Coffee, not roasted, not decaffeinated",2015,88517.54343,16652.15269
854,BFA,Burkina Faso,Sub-Saharan Africa,"Coffee, not roasted, not decaffeinated",2015,6.764144,0.474
858,URY,Uruguay,Latin America and the Caribbean,"Coffee, not roasted, not decaffeinated",2015,139.450398,10.157
862,VEN,Venezuela,Latin America and the Caribbean,"Coffee, not roasted, not decaffeinated",2015,583.049436,134.467
882,WSM,Samoa,Oceania (excl. Australia and New Zealand),"Coffee, not roasted, not decaffeinated",2015,287.13684,109.62
887,YEM,Yemen,Northern Africa and Western Asia,"Coffee, not roasted, not decaffeinated",2015,7956.280468,1567.752694
894,ZMB,Zambia,Sub-Saharan Africa,"Coffee, not roasted, not decaffeinated",2015,786.121555,198.781755
899,,"Areas, nes",,"Coffee, not roasted, not decaffeinated",2015,6943.673281,2861.171143
8,ALB,Albania,Europe,"Coffee, not roasted, not decaffeinated",2016,1.408266,0.024
12,DZA,Algeria,Northern Africa and Western Asia,"Coffee, not roasted, not decaffeinated",2016,0.073784,0.0328
16,ASM,American Samoa,Oceania (excl. Australia and New Zealand),"Coffee, not roasted, not decaffeinated",2016,,
20,AND,Andorra,Europe,"Coffee, not roasted, not decaffeinated",2016,3.201658,0.9
24,AGO,Angola,Sub-Saharan Africa,"Coffee, not roasted, not decaffeinated",2016,1077.924644,423.375453
28,ATG,Antigua and Barbuda,Latin America and the Caribbean,"Coffee, not roasted, not decaffeinated",2016,177.836673,63.072
31,AZE,Azerbaijan,Northern Africa and Western Asia,"Coffee, not roasted, not decaffeinated",2016,,
32,ARG,Argentina,Latin America and the Caribbean,"Coffee, not roasted, not decaffeinated",2016,7.888853,1.274
36,AUS,Australia,Australia and New Zealand,"Coffee, not roasted, not decaffeinated",2016,4457.81537,731.5608913
40,AUT,Austria,Europe,"Coffee, not roasted, not decaffeinated",2016,5980.147987,1583.800138
48,BHR,Bahrain,Northern Africa and Western Asia,"Coffee, not roasted, not decaffeinated",2016,17.804399,1.4098
50,BGD,Bangladesh,Central and Southern Asia,"Coffee, not roasted, not decaffeinated",2016,2.624,1.28
51,ARM,Armenia,Northern Africa and Western Asia,"Coffee, not roasted, not decaffeinated",2016,28.0635,9.3264
56,BEL,Belgium,Europe,"Coffee, not roasted, not decaffeinated",2016,142464.337,50218.2679
68,BOL,Bolivia,Latin America and the Caribbean,"Coffee, not roasted, not decaffeinated",2016,9095.097147,1513.219074
70,BIH,Bosnia Herzegovina,Europe,"Coffee, not roasted, not decaffeinated",2016,69.4158,26.75179
72,BWA,Botswana,Sub-Saharan Africa,"Coffee, not roasted, not decaffeinated",2016,0.848986836,0.192321736
76,BRA,Brazil,Latin America and the Caribbean,"Coffee, not roasted, not decaffeinated",2016,4989929.077,1852302.48
84,BLZ,Belize,Latin America and the Caribbean,"Coffee, not roasted, not decaffeinated",2016,55.381057,20.875
90,SLB,Solomon Islands,Oceania (excl. Australia and New Zealand),"Coffee, not roasted, not decaffeinated",2016,0.20451203,0.066
92,VGB,British Virgin Islands,Latin America and the Caribbean,"Coffee, not roasted, not decaffeinated",2016,125,35.083
96,BRN,Brunei Darussalam,Eastern and South-Eastern Asia (excl. China),"Coffee, not roasted, not decaffeinated",2016,176.797293,57.92
100,BGR,Bulgaria,Europe,"Coffee, not roasted, not decaffeinated",2016,5493.426988,1212.725784
104,MMR,Myanmar,Eastern and South-Eastern Asia (excl. China),"Coffee, not roasted, not decaffeinated",2016,1574.507841,540.570795
108,BDI,Burundi,Sub-Saharan Africa,"Coffee, not roasted, not decaffeinated",2016,54471.29299,17633.65355
112,BLR,Belarus,Europe,"Coffee, not roasted, not decaffeinated",2016,3.2,3.765
116,KHM,Cambodia,Eastern and South-Eastern Asia (excl. China),"Coffee, not roasted, not decaffeinated",2016,19.3602254,5.362
120,CMR,Cameroon,Sub-Saharan Africa,"Coffee, not roasted, not decaffeinated",2016,54812.55736,31674.30175
124,CAN,Canada,Northern America,"Coffee, not roasted, not decaffeinated",2016,20461.18085,5347.283983
132,CPV,Cabo Verde,Sub-Saharan Africa,"Coffee, not roasted, not decaffeinated",2016,110.076,9.521476
136,CYM,Cayman Islands,Latin America and the Caribbean,"Coffee, not roasted, not decaffeinated",2016,0.397662,0.107
140,CAF,Central African Republic,Sub-Saharan Africa,"Coffee, not roasted, not decaffeinated",2016,1545.876439,491.823
144,LKA,Sri Lanka,Central and Southern Asia,"Coffee, not roasted, not decaffeinated",2016,903.5922581,79.55584435
148,TCD,Chad,Sub-Saharan Africa,"Coffee, not roasted, not decaffeinated",2016,21.568,18.326271
152,CHL,Chile,Latin America and the Caribbean,"Coffee, not roasted, not decaffeinated",2016,567.62479,125.7878
156,CHN,China,China,"Coffee, not roasted, not decaffeinated",2016,180927.2987,61323.71083
170,COL,Colombia,Latin America and the Caribbean,"Coffee, not roasted, not decaffeinated",2016,2438956.792,715578.084
174,COM,Comoros,Sub-Saharan Africa,"Coffee, not roasted, not decaffeinated",2016,,
178,COG,"Congo, Republic",Sub-Saharan Africa,"Coffee, not roasted, not decaffeinated",2016,12158.85356,4606.24626
180,COD,"Congo, Democratic Republic",Sub-Saharan Africa,"Coffee, not roasted, not decaffeinated",2016,16185.89961,6900.121751
188,CRI,Costa Rica,Latin America and the Caribbean,"Coffee, not roasted, not decaffeinated",2016,325360.4248,76082.191
191,HRV,Croatia,Europe,"Coffee, not roasted, not decaffeinated",2016,890.83459,424.45096
192,CUB,Cuba,Latin America and the Caribbean,"Coffee, not roasted, not decaffeinated",2016,5759.833743,1147.265602
196,CYP,Cyprus,Northern Africa and Western Asia,"Coffee, not roasted, not decaffeinated",2016,3597.309098,495.487
203,CZE,Czech Republic,Europe,"Coffee, not roasted, not decaffeinated",2016,10291.87831,1765.065844
204,BEN,Benin,Sub-Saharan Africa,"Coffee, not roasted, not decaffeinated",2016,0.229685,0.812
208,DNK,Denmark,Europe,"Coffee, not roasted, not decaffeinated",2016,2159.804652,338.9060317
212,DMA,Dominica,Latin America and the Caribbean,"Coffee, not roasted, not decaffeinated",2016,90.84928,9.937071
214,DOM,Dominican Republic,Latin America and the Caribbean,"Coffee, not roasted, not decaffeinated",2016,4669.601648,767.9669323
218,ECU,Ecuador,Latin America and the Caribbean,"Coffee, not roasted, not decaffeinated",2016,19099.97682,5251.64029
222,SLV,El Salvador,Latin America and the Caribbean,"Coffee, not roasted, not decaffeinated",2016,112312.0528,29320.175
226,GNQ,Equatorial Guinea,Sub-Saharan Africa,"Coffee, not roasted, not decaffeinated",2016,9.39,0.85
231,ETH,Ethiopia,Sub-Saharan Africa,"Coffee, not roasted, not decaffeinated",2016,670595.0551,170023.5606
233,EST,Estonia,Europe,"Coffee, not roasted, not decaffeinated",2016,2245.8372,823.962372
242,FJI,Fiji,Oceania (excl. Australia and New Zealand),"Coffee, not roasted, not decaffeinated",2016,1.700334,0.0548
246,FIN,Finland,Europe,"Coffee, not roasted, not decaffeinated",2016,27128.27146,7057.8955
251,FRA,France,Europe,"Coffee, not roasted, not decaffeinated",2016,17359.11907,5275.609534
262,DJI,Djibouti,Sub-Saharan Africa,"Coffee, not roasted, not decaffeinated",2016,12798.41289,2542.934
266,GAB,Gabon,Sub-Saharan Africa,"Coffee, not roasted, not decaffeinated",2016,0.071,0.02
268,GEO,Georgia,Northern Africa and Western Asia,"Coffee, not roasted, not decaffeinated",2016,65.493,35.7
276,DEU,Germany,Europe,"Coffee, not roasted, not decaffeinated",2016,441970.3453,157877.2983
288,GHA,Ghana,Sub-Saharan Africa,"Coffee, not roasted, not decaffeinated",2016,185.574478,81.751501
300,GRC,Greece,Europe,"Coffee, not roasted, not decaffeinated",2016,14205.73241,6209.314052
316,GUM,Guam,Oceania (excl. Australia and New Zealand),"Coffee, not roasted, not decaffeinated",2016,78.37024,18.975
320,GTM,Guatemala,Latin America and the Caribbean,"Coffee, not roasted, not decaffeinated",2016,698589.2821,181846.2983
324,GIN,Guinea,Sub-Saharan Africa,"Coffee, not roasted, not decaffeinated",2016,21790.93127,18435.82854
332,HTI,Haiti,Latin America and the Caribbean,"Coffee, not roasted, not decaffeinated",2016,652.046057,72.871
336,VAT,Holy See,Europe,"Coffee, not roasted, not decaffeinated",2016,3.312845,1.216
340,HND,Honduras,Latin America and the Caribbean,"Coffee, not roasted, not decaffeinated",2016,899311.8533,310524.6892
344,HKG,"China, Hong Kong SAR",China,"Coffee, not roasted, not decaffeinated",2016,994.612293,337.092394
348,HUN,Hungary,Europe,"Coffee, not roasted, not decaffeinated",2016,2624.176305,496.2626156
352,ISL,Iceland,Europe,"Coffee, not roasted, not decaffeinated",2016,1.316,0.208
360,IDN,Indonesia,Eastern and South-Eastern Asia (excl. China),"Coffee, not roasted, not decaffeinated",2016,1006594.21,394965.312
372,IRL,Ireland,Europe,"Coffee, not roasted, not decaffeinated",2016,1889.991012,186.903777
376,ISR,Israel,Northern Africa and Western Asia,"Coffee, not roasted, not decaffeinated",2016,199.2799069,46.32500035
381,ITA,Italy,Europe,"Coffee, not roasted, not decaffeinated",2016,45587.00069,12101.29673
384,CIV,Cote d'Ivoire,Sub-Saharan Africa,"Coffee, not roasted, not decaffeinated",2016,257042.6134,111426.3202
388,JAM,Jamaica,Latin America and the Caribbean,"Coffee, not roasted, not decaffeinated",2016,30754.7357,1097.313036
392,JPN,Japan,Eastern and South-Eastern Asia (excl. China),"Coffee, not roasted, not decaffeinated",2016,3207.446273,961.8290685
398,KAZ,Kazakhstan,Central and Southern Asia,"Coffee, not roasted, not decaffeinated",2016,3.358,0.541332
400,JOR,Jordan,Northern Africa and Western Asia,"Coffee, not roasted, not decaffeinated",2016,3418.732421,1283.614288
404,KEN,Kenya,Sub-Saharan Africa,"Coffee, not roasted, not decaffeinated",2016,217424.3764,47787.56842
408,PRK,"Korea, Democratic People’s Republic",Eastern and South-Eastern Asia (excl. China),"Coffee, not roasted, not decaffeinated",2016,1.86458,0.08
410,KOR,"Korea, Republic",Eastern and South-Eastern Asia (excl. China),"Coffee, not roasted, not decaffeinated",2016,931.4840231,181.9908673
414,KWT,Kuwait,Northern Africa and Western Asia,"Coffee, not roasted, not decaffeinated",2016,291.130193,36.568626
417,KGZ,Kyrgyzstan,Central and Southern Asia,"Coffee, not roasted, not decaffeinated",2016,0.655728,0.037
418,LAO,Lao PDR,Eastern and South-Eastern Asia (excl. China),"Coffee, not roasted, not decaffeinated",2016,68013.87637,26890.34366
422,LBN,Lebanon,Northern Africa and Western Asia,"Coffee, not roasted, not decaffeinated",2016,758.3846742,142.6501637
426,LSO,Lesotho,Sub-Saharan Africa,"Coffee, not roasted, not decaffeinated",2016,0.063185364,0.007259558
428,LVA,Latvia,Europe,"Coffee, not roasted, not decaffeinated",2016,1565.306551,361.0573821
430,LBR,Liberia,Sub-Saharan Africa,"Coffee, not roasted, not decaffeinated",2016,149.164695,65.338
440,LTU,Lithuania,Europe,"Coffee, not roasted, not decaffeinated",2016,2370.351715,351.754518
442,LUX,Luxembourg,Europe,"Coffee, not roasted, not decaffeinated",2016,90.1714183,32.90421497
446,MAC,"China, Macao SAR",China,"Coffee, not roasted, not decaffeinated",2016,390.07166,78.663
450,MDG,Madagascar,Sub-Saharan Africa,"Coffee, not roasted, not decaffeinated",2016,6463.862658,3518.387195
454,MWI,Malawi,Sub-Saharan Africa,"Coffee, not roasted, not decaffeinated",2016,4338.151302,1195.705084
458,MYS,Malaysia,Eastern and South-Eastern Asia (excl. China),"Coffee, not roasted, not decaffeinated",2016,3565.687762,1052.530862
466,MLI,Mali,Sub-Saharan Africa,"Coffee, not roasted, not decaffeinated",2016,16.071311,6.3311037
470,MLT,Malta,Europe,"Coffee, not roasted, not decaffeinated",2016,401.193125,128.021
480,MUS,Mauritius,Sub-Saharan Africa,"Coffee, not roasted, not decaffeinated",2016,23.491,1.077
484,MEX,Mexico,Latin America and the Caribbean,"Coffee, not roasted, not decaffeinated",2016,253415.0757,70191.9331
490,,"Other Asia, nes",,"Coffee, not roasted, not decaffeinated",2016,2486.129299,540.2391924
499,MNE,Montenegro,Europe,"Coffee, not roasted, not decaffeinated",2016,9.127898,0.6445
504,MAR,Morocco,Northern Africa and Western Asia,"Coffee, not roasted, not decaffeinated",2016,94.279888,42.315
508,MOZ,Mozambique,Sub-Saharan Africa,"Coffee, not roasted, not decaffeinated",2016,6.873689,0.383
512,OMN,Oman,Northern Africa and Western Asia,"Coffee, not roasted, not decaffeinated",2016,414.530515,121.238
516,NAM,Namibia,Sub-Saharan Africa,"Coffee, not roasted, not decaffeinated",2016,113.3814561,28.74263989
524,NPL,Nepal,Central and Southern Asia,"Coffee, not roasted, not decaffeinated",2016,764.3609384,72.07037633
528,NLD,Netherlands,Europe,"Coffee, not roasted, not decaffeinated",2016,76467.87,22246.69289
531,CUW,Curacao,Latin America and the Caribbean,"Coffee, not roasted, not decaffeinated",2016,1.252826,0.109
533,ABW,Aruba,Latin America and the Caribbean,"Coffee, not roasted, not decaffeinated",2016,0.62457,0.038
540,NCL,New Caledonia,Oceania (excl. Australia and New Zealand),"Coffee, not roasted, not decaffeinated",2016,,
548,VUT,Vanuatu,Oceania (excl. Australia and New Zealand),"Coffee, not roasted, not decaffeinated",2016,12.681,1
554,NZL,New Zealand,Australia and New Zealand,"Coffee, not roasted, not decaffeinated",2016,1072.243141,176.0095575
558,NIC,Nicaragua,Latin America and the Caribbean,"Coffee, not roasted, not decaffeinated",2016,416015.0438,115940.7814
562,NER,Niger,Sub-Saharan Africa,"Coffee, not roasted, not decaffeinated",2016,87.887884,79.34687
566,NGA,Nigeria,Sub-Saharan Africa,"Coffee, not roasted, not decaffeinated",2016,392.772142,76.457149
568,,"Other Europe, nes",,"Coffee, not roasted, not decaffeinated",2016,597.81487,81.781
579,NOR,Norway,Europe,"Coffee, not roasted, not decaffeinated",2016,1229.300812,334.0788716
581,UMI,United States Minor Outlying Islands,,"Coffee, not roasted, not decaffeinated",2016,0.055,0.009
584,MHL,Marshall Islands,Oceania (excl. Australia and New Zealand),"Coffee, not roasted, not decaffeinated",2016,0.042,0.00262
586,PAK,Pakistan,Central and Southern Asia,"Coffee, not roasted, not decaffeinated",2016,0.294558,0.04528
591,PAN,Panama,Latin America and the Caribbean,"Coffee, not roasted, not decaffeinated",2016,12689.35542,2404.198057
598,PNG,Papua New Guinea,Oceania (excl. Australia and New Zealand),"Coffee, not roasted, not decaffeinated",2016,173094.7868,51325.07003
604,PER,Peru,Latin America and the Caribbean,"Coffee, not roasted, not decaffeinated",2016,750477.3872,231676.5554
608,PHL,Philippines,Eastern and South-Eastern Asia (excl. China),"Coffee, not roasted, not decaffeinated",2016,103.7176116,23.2692584
612,PCN,Pitcairn,Oceania (excl. Australia and New Zealand),"Coffee, not roasted, not decaffeinated",2016,2.079,0.299
616,POL,Poland,Europe,"Coffee, not roasted, not decaffeinated",2016,14762.43921,3874.89287
620,PRT,Portugal,Europe,"Coffee, not roasted, not decaffeinated",2016,8042.643288,1427.833183
624,GNB,Guinea-Bissau,Sub-Saharan Africa,"Coffee, not roasted, not decaffeinated",2016,114.288316,58.084
626,TLS,Timor-Leste,Eastern and South-Eastern Asia (excl. China),"Coffee, not roasted, not decaffeinated",2016,14118.62614,4792.496167
634,QAT,Qatar,Northern Africa and Western Asia,"Coffee, not roasted, not decaffeinated",2016,7.408992,0.262077
642,ROU,Romania,Europe,"Coffee, not roasted, not decaffeinated",2016,1409.200126,248.4585824
643,RUS,Russian Federation,Europe,"Coffee, not roasted, not decaffeinated",2016,1041.396029,318.1788377
646,RWA,Rwanda,Sub-Saharan Africa,"Coffee, not roasted, not decaffeinated",2016,60509.92537,17162.29653
654,SHN,Saint Helena,Sub-Saharan Africa,"Coffee, not roasted, not decaffeinated",2016,,
659,KNA,Saint Kitts and Nevis,Latin America and the Caribbean,"Coffee, not roasted, not decaffeinated",2016,0.03,0.001
660,AIA,Anguilla,Latin America and the Caribbean,"Coffee, not roasted, not decaffeinated",2016,12.267662,4.61668
662,LCA,Saint Lucia,Latin America and the Caribbean,"Coffee, not roasted, not decaffeinated",2016,0.227,0.03
670,VCT,Saint Vincent and the Grenadines,Latin America and the Caribbean,"Coffee, not roasted, not decaffeinated",2016,7.71313,2.109
674,SMR,San Marino,Europe,"Coffee, not roasted, not decaffeinated",2016,38.784954,3.478
678,STP,Sao Tome and Principe,Sub-Saharan Africa,"Coffee, not roasted, not decaffeinated",2016,59.765,9.32
682,SAU,Saudi Arabia,Northern Africa and Western Asia,"Coffee, not roasted, not decaffeinated",2016,1398.15275,411.984658
686,SEN,Senegal,Sub-Saharan Africa,"Coffee, not roasted, not decaffeinated",2016,16.66137182,10.86271829
688,SRB,Serbia,Europe,"Coffee, not roasted, not decaffeinated",2016,87.45705,15.915
694,SLE,Sierra Leone,Sub-Saharan Africa,"Coffee, not roasted, not decaffeinated",2016,3998.084885,3049.19779
699,IND,India,Central and Southern Asia,"Coffee, not roasted, not decaffeinated",2016,556023.2227,241287.4964
702,SGP,Singapore,Eastern and South-Eastern Asia (excl. China),"Coffee, not roasted, not decaffeinated",2016,13676.5142,3857.063564
703,SVK,Slovakia,Europe,"Coffee, not roasted, not decaffeinated",2016,5102.252937,956.138075
704,VNM,Vietnam,Eastern and South-Eastern Asia (excl. China),"Coffee, not roasted, not decaffeinated",2016,3060938.646,1665387.764
705,SVN,Slovenia,Europe,"Coffee, not roasted, not decaffeinated",2016,8007.141087,3058.409112
706,SOM,Somalia,Sub-Saharan Africa,"Coffee, not roasted, not decaffeinated",2016,0.039238,0.01
710,ZAF,South Africa,Sub-Saharan Africa,"Coffee, not roasted, not decaffeinated",2016,3492.933547,990.5556689
716,ZWE,Zimbabwe,Sub-Saharan Africa,"Coffee, not roasted, not decaffeinated",2016,3189.842667,1019.81491
724,ESP,Spain,Europe,"Coffee, not roasted, not decaffeinated",2016,36599.75372,10106.34189
728,SSD,South Sudan,Sub-Saharan Africa,"Coffee, not roasted, not decaffeinated",2016,156.61594,23.796
748,SWZ,Eswatini,Sub-Saharan Africa,"Coffee, not roasted, not decaffeinated",2016,1.5158423,0.25494934
752,SWE,Sweden,Europe,"Coffee, not roasted, not decaffeinated",2016,5709.624406,1343.862081
757,CHE,Switzerland,Europe,"Coffee, not roasted, not decaffeinated",2016,32617.97196,9747.16653
760,SYR,Syria,Northern Africa and Western Asia,"Coffee, not roasted, not decaffeinated",2016,72.79238,30.674154
764,THA,Thailand,Eastern and South-Eastern Asia (excl. China),"Coffee, not roasted, not decaffeinated",2016,4478.640273,1064.378548
768,TGO,Togo,Sub-Saharan Africa,"Coffee, not roasted, not decaffeinated",2016,10970.39024,5838.088796
780,TTO,Trinidad and Tobago,Latin America and the Caribbean,"Coffee, not roasted, not decaffeinated",2016,15.068744,2.1715
784,ARE,United Arab Emirates,Northern Africa and Western Asia,"Coffee, not roasted, not decaffeinated",2016,7476.931217,2824.452417
788,TUN,Tunisia,Northern Africa and Western Asia,"Coffee, not roasted, not decaffeinated",2016,6.092203,1.6503
792,TUR,Turkey,Northern Africa and Western Asia,"Coffee, not roasted, not decaffeinated",2016,3812.390096,1693.663491
800,UGA,Uganda,Sub-Saharan Africa,"Coffee, not roasted, not decaffeinated",2016,365762.1261,184193.9444
804,UKR,Ukraine,Europe,"Coffee, not roasted, not decaffeinated",2016,0.087913,0.011
807,MKD,North Macedonia,Europe,"Coffee, not roasted, not decaffeinated",2016,36.88789,14.208
818,EGY,Egypt,Northern Africa and Western Asia,"Coffee, not roasted, not decaffeinated",2016,5414.844439,1640.357916
826,GBR,United Kingdom,Europe,"Coffee, not roasted, not decaffeinated",2016,53656.70861,16494.98254
834,TZA,Tanzania,Sub-Saharan Africa,"Coffee, not roasted, not decaffeinated",2016,152223.433,55008.23478
837,,Bunkers,,"Coffee, not roasted, not decaffeinated",2016,107.32775,23.939
838,,Free Zones,,"Coffee, not roasted, not decaffeinated",2016,2918.969817,894.077
839,,Special Categories,,"Coffee, not roasted, not decaffeinated",2016,0.002598,0.0005
842,USA,United States,Northern America,"Coffee, not roasted, not decaffeinated",2016,166529.7738,35256.99276
854,BFA,Burkina Faso,Sub-Saharan Africa,"Coffee, not roasted, not decaffeinated",2016,,
858,URY,Uruguay,Latin America and the Caribbean,"Coffee, not roasted, not decaffeinated",2016,,
862,VEN,Venezuela,Latin America and the Caribbean,"Coffee, not roasted, not decaffeinated",2016,,
887,YEM,Yemen,Northern Africa and Western Asia,"Coffee, not roasted, not decaffeinated",2016,9613.511566,1968.524187
894,ZMB,Zambia,Sub-Saharan Africa,"Coffee, not roasted, not decaffeinated",2016,2483.16398,718.8838943
899,,"Areas, nes",,"Coffee, not roasted, not decaffeinated",2016,12081.53594,4967.798131
8,ALB,Albania,Europe,"Coffee, not roasted, not decaffeinated",2017,21.397448,4.025
12,DZA,Algeria,Northern Africa and Western Asia,"Coffee, not roasted, not decaffeinated",2017,4.074061,0.99888697
20,AND,Andorra,Europe,"Coffee, not roasted, not decaffeinated",2017,141.99223,41.672
24,AGO,Angola,Sub-Saharan Africa,"Coffee, not roasted, not decaffeinated",2017,1138.970852,443.669158
28,ATG,Antigua and Barbuda,Latin America and the Caribbean,"Coffee, not roasted, not decaffeinated",2017,12.1005248,1.53642647
32,ARG,Argentina,Latin America and the Caribbean,"Coffee, not roasted, not decaffeinated",2017,169.61932,58.706
36,AUS,Australia,Australia and New Zealand,"Coffee, not roasted, not decaffeinated",2017,4038.783842,474.9427857
40,AUT,Austria,Europe,"Coffee, not roasted, not decaffeinated",2017,9130.837297,2117.857907
44,BHS,Bahamas,Latin America and the Caribbean,"Coffee, not roasted, not decaffeinated",2017,,
48,BHR,Bahrain,Northern Africa and Western Asia,"Coffee, not roasted, not decaffeinated",2017,6.86937,2.084
50,BGD,Bangladesh,Central and Southern Asia,"Coffee, not roasted, not decaffeinated",2017,4.206693,1.217
51,ARM,Armenia,Northern Africa and Western Asia,"Coffee, not roasted, not decaffeinated",2017,104.1363,65.475863
52,BRB,Barbados,Latin America and the Caribbean,"Coffee, not roasted, not decaffeinated",2017,0.0175,0.001
56,BEL,Belgium,Europe,"Coffee, not roasted, not decaffeinated",2017,180203.8613,56332.35095
60,BMU,Bermuda,Northern America,"Coffee, not roasted, not decaffeinated",2017,0.14,0.02
68,BOL,Bolivia,Latin America and the Caribbean,"Coffee, not roasted, not decaffeinated",2017,9934.004397,1459.589545
70,BIH,Bosnia Herzegovina,Europe,"Coffee, not roasted, not decaffeinated",2017,76.469884,22.5259044
72,BWA,Botswana,Sub-Saharan Africa,"Coffee, not roasted, not decaffeinated",2017,1.033031,0.21327476
76,BRA,Brazil,Latin America and the Caribbean,"Coffee, not roasted, not decaffeinated",2017,4859953.799,1680758.342
84,BLZ,Belize,Latin America and the Caribbean,"Coffee, not roasted, not decaffeinated",2017,509.568195,168.867
86,IOT,British Indian Ocean Territory,,"Coffee, not roasted, not decaffeinated",2017,,
92,VGB,British Virgin Islands,Latin America and the Caribbean,"Coffee, not roasted, not decaffeinated",2017,289.518501,80.39
100,BGR,Bulgaria,Europe,"Coffee, not roasted, not decaffeinated",2017,2710.072017,498.0659133
104,MMR,Myanmar,Eastern and South-Eastern Asia (excl. China),"Coffee, not roasted, not decaffeinated",2017,2113.418034,730.426382
108,BDI,Burundi,Sub-Saharan Africa,"Coffee, not roasted, not decaffeinated",2017,46737.56261,14937.16962
116,KHM,Cambodia,Eastern and South-Eastern Asia (excl. China),"Coffee, not roasted, not decaffeinated",2017,11.8482546,3.7185556
120,CMR,Cameroon,Sub-Saharan Africa,"Coffee, not roasted, not decaffeinated",2017,54070.18234,27256.20009
124,CAN,Canada,Northern America,"Coffee, not roasted, not decaffeinated",2017,19279.37557,4735.828473
132,CPV,Cabo Verde,Sub-Saharan Africa,"Coffee, not roasted, not decaffeinated",2017,2.971019,0.179
136,CYM,Cayman Islands,Latin America and the Caribbean,"Coffee, not roasted, not decaffeinated",2017,0.003453,0.00011
140,CAF,Central African Republic,Sub-Saharan Africa,"Coffee, not roasted, not decaffeinated",2017,234.78,71.63945
144,LKA,Sri Lanka,Central and Southern Asia,"Coffee, not roasted, not decaffeinated",2017,288.2070147,67.03155424
152,CHL,Chile,Latin America and the Caribbean,"Coffee, not roasted, not decaffeinated",2017,487.525189,77.264
156,CHN,China,China,"Coffee, not roasted, not decaffeinated",2017,161171.5925,55802.56858
166,CCK,Cocos Islands,,"Coffee, not roasted, not decaffeinated",2017,1.038722,0.185
170,COL,Colombia,Latin America and the Caribbean,"Coffee, not roasted, not decaffeinated",2017,2723702.068,737721.1414
178,COG,"Congo, Republic",Sub-Saharan Africa,"Coffee, not roasted, not decaffeinated",2017,12343.22783,4463.294655
180,COD,"Congo, Democratic Republic",Sub-Saharan Africa,"Coffee, not roasted, not decaffeinated",2017,23261.09139,9074.139888
188,CRI,Costa Rica,Latin America and the Caribbean,"Coffee, not roasted, not decaffeinated",2017,340304.4369,71332.03545
191,HRV,Croatia,Europe,"Coffee, not roasted, not decaffeinated",2017,654.985059,199.730675
192,CUB,Cuba,Latin America and the Caribbean,"Coffee, not roasted, not decaffeinated",2017,4445.901086,828.664978
196,CYP,Cyprus,Northern Africa and Western Asia,"Coffee, not roasted, not decaffeinated",2017,1230.824334,184.12845
203,CZE,Czech Republic,Europe,"Coffee, not roasted, not decaffeinated",2017,3370.666358,516.032182
204,BEN,Benin,Sub-Saharan Africa,"Coffee, not roasted, not decaffeinated",2017,0.454924,0.475
208,DNK,Denmark,Europe,"Coffee, not roasted, not decaffeinated",2017,698.1246256,118.0801048
212,DMA,Dominica,Latin America and the Caribbean,"Coffee, not roasted, not decaffeinated",2017,49.602289,6.677
214,DOM,Dominican Republic,Latin America and the Caribbean,"Coffee, not roasted, not decaffeinated",2017,4726.293239,754.513028
218,ECU,Ecuador,Latin America and the Caribbean,"Coffee, not roasted, not decaffeinated",2017,17880.49081,5250.237016
222,SLV,El Salvador,Latin America and the Caribbean,"Coffee, not roasted, not decaffeinated",2017,121261.4402,31456.2475
226,GNQ,Equatorial Guinea,Sub-Saharan Africa,"Coffee, not roasted, not decaffeinated",2017,20.724755,8.513
231,ETH,Ethiopia,Sub-Saharan Africa,"Coffee, not roasted, not decaffeinated",2017,846696.1515,207972.2284
233,EST,Estonia,Europe,"Coffee, not roasted, not decaffeinated",2017,3319.942382,1312.157552
242,FJI,Fiji,Oceania (excl. Australia and New Zealand),"Coffee, not roasted, not decaffeinated",2017,1.617149,0.9
246,FIN,Finland,Europe,"Coffee, not roasted, not decaffeinated",2017,22845.0399,5970.746606
251,FRA,France,Europe,"Coffee, not roasted, not decaffeinated",2017,20276.38128,5952.664039
262,DJI,Djibouti,Sub-Saharan Africa,"Coffee, not roasted, not decaffeinated",2017,15615.93686,3080.7786
266,GAB,Gabon,Sub-Saharan Africa,"Coffee, not roasted, not decaffeinated",2017,0.77684855,0.3442994
268,GEO,Georgia,Northern Africa and Western Asia,"Coffee, not roasted, not decaffeinated",2017,4.935,2.1
276,DEU,Germany,Europe,"Coffee, not roasted, not decaffeinated",2017,519673.2053,162748.9886
288,GHA,Ghana,Sub-Saharan Africa,"Coffee, not roasted, not decaffeinated",2017,34.929519,8.082639
300,GRC,Greece,Europe,"Coffee, not roasted, not decaffeinated",2017,3097.620945,771.7010701
316,GUM,Guam,Oceania (excl. Australia and New Zealand),"Coffee, not roasted, not decaffeinated",2017,79.45076,19.665
320,GTM,Guatemala,Latin America and the Caribbean,"Coffee, not roasted, not decaffeinated",2017,814328.6547,203209.5836
324,GIN,Guinea,Sub-Saharan Africa,"Coffee, not roasted, not decaffeinated",2017,11494.04593,4924.48142
332,HTI,Haiti,Latin America and the Caribbean,"Coffee, not roasted, not decaffeinated",2017,889.924974,91.289
340,HND,Honduras,Latin America and the Caribbean,"Coffee, not roasted, not decaffeinated",2017,1186262.979,379509.0564
344,HKG,"China, Hong Kong SAR",China,"Coffee, not roasted, not decaffeinated",2017,1805.592959,635.4524996
348,HUN,Hungary,Europe,"Coffee, not roasted, not decaffeinated",2017,3331.311465,344.8627589
352,ISL,Iceland,Europe,"Coffee, not roasted, not decaffeinated",2017,30.529774,11.493
360,IDN,Indonesia,Eastern and South-Eastern Asia (excl. China),"Coffee, not roasted, not decaffeinated",2017,1261316.016,468506.9065
364,IRN,Iran,Central and Southern Asia,"Coffee, not roasted, not decaffeinated",2017,8.934459,24.922
368,IRQ,Iraq,Northern Africa and Western Asia,"Coffee, not roasted, not decaffeinated",2017,7.61104,2.897
372,IRL,Ireland,Europe,"Coffee, not roasted, not decaffeinated",2017,3915.306557,648.790161
376,ISR,Israel,Northern Africa and Western Asia,"Coffee, not roasted, not decaffeinated",2017,390.406115,110.03292
381,ITA,Italy,Europe,"Coffee, not roasted, not decaffeinated",2017,38934.15176,8924.717685
384,CIV,Cote d'Ivoire,Sub-Saharan Africa,"Coffee, not roasted, not decaffeinated",2017,95581.77162,44940.08648
388,JAM,Jamaica,Latin America and the Caribbean,"Coffee, not roasted, not decaffeinated",2017,21152.62794,657.546743
392,JPN,Japan,Eastern and South-Eastern Asia (excl. China),"Coffee, not roasted, not decaffeinated",2017,2468.754534,596.1596636
398,KAZ,Kazakhstan,Central and Southern Asia,"Coffee, not roasted, not decaffeinated",2017,4.35,0.24
400,JOR,Jordan,Northern Africa and Western Asia,"Coffee, not roasted, not decaffeinated",2017,2859.192066,974.627596
404,KEN,Kenya,Sub-Saharan Africa,"Coffee, not roasted, not decaffeinated",2017,229680.0514,43701.15205
408,PRK,"Korea, Democratic People’s Republic",Eastern and South-Eastern Asia (excl. China),"Coffee, not roasted, not decaffeinated",2017,1.103089,0.436
410,KOR,"Korea, Republic",Eastern and South-Eastern Asia (excl. China),"Coffee, not roasted, not decaffeinated",2017,2380.963299,593.445375
414,KWT,Kuwait,Northern Africa and Western Asia,"Coffee, not roasted, not decaffeinated",2017,2810.665742,458.226375
417,KGZ,Kyrgyzstan,Central and Southern Asia,"Coffee, not roasted, not decaffeinated",2017,49.072,20.427
418,LAO,Lao PDR,Eastern and South-Eastern Asia (excl. China),"Coffee, not roasted, not decaffeinated",2017,103073.7876,36484.17003
422,LBN,Lebanon,Northern Africa and Western Asia,"Coffee, not roasted, not decaffeinated",2017,637.9655468,136.8982759
426,LSO,Lesotho,Sub-Saharan Africa,"Coffee, not roasted, not decaffeinated",2017,0.199684,0.02309
428,LVA,Latvia,Europe,"Coffee, not roasted, not decaffeinated",2017,459.446282,65.7549025
430,LBR,Liberia,Sub-Saharan Africa,"Coffee, not roasted, not decaffeinated",2017,603.56834,266.285
440,LTU,Lithuania,Europe,"Coffee, not roasted, not decaffeinated",2017,2717.03089,430.137862
442,LUX,Luxembourg,Europe,"Coffee, not roasted, not decaffeinated",2017,383.9122437,87.83605975
446,MAC,"China, Macao SAR",China,"Coffee, not roasted, not decaffeinated",2017,369.8948,81.80498
450,MDG,Madagascar,Sub-Saharan Africa,"Coffee, not roasted, not decaffeinated",2017,5575.611339,2654.776301
454,MWI,Malawi,Sub-Saharan Africa,"Coffee, not roasted, not decaffeinated",2017,3017.242314,766.0147038
458,MYS,Malaysia,Eastern and South-Eastern Asia (excl. China),"Coffee, not roasted, not decaffeinated",2017,3364.036271,1053.002256
466,MLI,Mali,Sub-Saharan Africa,"Coffee, not roasted, not decaffeinated",2017,,
470,MLT,Malta,Europe,"Coffee, not roasted, not decaffeinated",2017,157.267208,15.689599
480,MUS,Mauritius,Sub-Saharan Africa,"Coffee, not roasted, not decaffeinated",2017,19.337399,2.5360441
484,MEX,Mexico,Latin America and the Caribbean,"Coffee, not roasted, not decaffeinated",2017,302102.8382,88025.40762
490,,"Other Asia, nes",,"Coffee, not roasted, not decaffeinated",2017,1080.07664,171.4652671
496,MNG,Mongolia,Eastern and South-Eastern Asia (excl. China),"Coffee, not roasted, not decaffeinated",2017,6.47977,1
498,MDA,Moldova,Europe,"Coffee, not roasted, not decaffeinated",2017,12.354,0.858
499,MNE,Montenegro,Europe,"Coffee, not roasted, not decaffeinated",2017,9.982464,0.687
504,MAR,Morocco,Northern Africa and Western Asia,"Coffee, not roasted, not decaffeinated",2017,3.00389,0.862643
508,MOZ,Mozambique,Sub-Saharan Africa,"Coffee, not roasted, not decaffeinated",2017,11.307771,0.441
512,OMN,Oman,Northern Africa and Western Asia,"Coffee, not roasted, not decaffeinated",2017,502.26661,102.93484
516,NAM,Namibia,Sub-Saharan Africa,"Coffee, not roasted, not decaffeinated",2017,6.348277,0.90461
520,NRU,Nauru,Oceania (excl. Australia and New Zealand),"Coffee, not roasted, not decaffeinated",2017,72.004555,18
524,NPL,Nepal,Central and Southern Asia,"Coffee, not roasted, not decaffeinated",2017,481.1813493,44.26695243
528,NLD,Netherlands,Europe,"Coffee, not roasted, not decaffeinated",2017,63775.08601,17663.1602
531,CUW,Curacao,Latin America and the Caribbean,"Coffee, not roasted, not decaffeinated",2017,0.979552,0.058
533,ABW,Aruba,Latin America and the Caribbean,"Coffee, not roasted, not decaffeinated",2017,0.551727,0.206
540,NCL,New Caledonia,Oceania (excl. Australia and New Zealand),"Coffee, not roasted, not decaffeinated",2017,1.79211,0.4143
548,VUT,Vanuatu,Oceania (excl. Australia and New Zealand),"Coffee, not roasted, not decaffeinated",2017,40.979585,6.22
554,NZL,New Zealand,Australia and New Zealand,"Coffee, not roasted, not decaffeinated",2017,420.3264576,49.72415035
558,NIC,Nicaragua,Latin America and the Caribbean,"Coffee, not roasted, not decaffeinated",2017,507256.4063,141590.7434
562,NER,Niger,Sub-Saharan Africa,"Coffee, not roasted, not decaffeinated",2017,97.643317,122.731903
566,NGA,Nigeria,Sub-Saharan Africa,"Coffee, not roasted, not decaffeinated",2017,466.614603,146.941322
568,,"Other Europe, nes",,"Coffee, not roasted, not decaffeinated",2017,835.43193,143.04331
579,NOR,Norway,Europe,"Coffee, not roasted, not decaffeinated",2017,2177.629816,488.3139253
581,UMI,United States Minor Outlying Islands,,"Coffee, not roasted, not decaffeinated",2017,0.608876,0.10282
591,PAN,Panama,Latin America and the Caribbean,"Coffee, not roasted, not decaffeinated",2017,12703.81055,2404.413028
598,PNG,Papua New Guinea,Oceania (excl. Australia and New Zealand),"Coffee, not roasted, not decaffeinated",2017,152384.8678,44303.0427
600,PRY,Paraguay,Latin America and the Caribbean,"Coffee, not roasted, not decaffeinated",2017,0.29045144,0.076639466
604,PER,Peru,Latin America and the Caribbean,"Coffee, not roasted, not decaffeinated",2017,723243.3829,232890.4892
608,PHL,Philippines,Eastern and South-Eastern Asia (excl. China),"Coffee, not roasted, not decaffeinated",2017,345.21074,78.641004
616,POL,Poland,Europe,"Coffee, not roasted, not decaffeinated",2017,8679.633666,2753.267043
620,PRT,Portugal,Europe,"Coffee, not roasted, not decaffeinated",2017,6711.218185,1381.684647
624,GNB,Guinea-Bissau,Sub-Saharan Africa,"Coffee, not roasted, not decaffeinated",2017,16.474,4.823
626,TLS,Timor-Leste,Eastern and South-Eastern Asia (excl. China),"Coffee, not roasted, not decaffeinated",2017,11110.95354,3737.043526
634,QAT,Qatar,Northern Africa and Western Asia,"Coffee, not roasted, not decaffeinated",2017,3.255839,0.104
642,ROU,Romania,Europe,"Coffee, not roasted, not decaffeinated",2017,1141.642519,147.9814246
643,RUS,Russian Federation,Europe,"Coffee, not roasted, not decaffeinated",2017,1636.297009,371.30141
646,RWA,Rwanda,Sub-Saharan Africa,"Coffee, not roasted, not decaffeinated",2017,71397.23119,19113.88714
654,SHN,Saint Helena,Sub-Saharan Africa,"Coffee, not roasted, not decaffeinated",2017,1.785,0.544718
660,AIA,Anguilla,Latin America and the Caribbean,"Coffee, not roasted, not decaffeinated",2017,7.01413,1.91377
674,SMR,San Marino,Europe,"Coffee, not roasted, not decaffeinated",2017,71.175654,6.39
678,STP,Sao Tome and Principe,Sub-Saharan Africa,"Coffee, not roasted, not decaffeinated",2017,27.3885246,4.9109591
682,SAU,Saudi Arabia,Northern Africa and Western Asia,"Coffee, not roasted, not decaffeinated",2017,1322.891824,407.282628
686,SEN,Senegal,Sub-Saharan Africa,"Coffee, not roasted, not decaffeinated",2017,16.464022,4.9526535
688,SRB,Serbia,Europe,"Coffee, not roasted, not decaffeinated",2017,205.8539964,37.98438622
690,SYC,Seychelles,Sub-Saharan Africa,"Coffee, not roasted, not decaffeinated",2017,194.735,37.678
694,SLE,Sierra Leone,Sub-Saharan Africa,"Coffee, not roasted, not decaffeinated",2017,3749.816176,1882.407974
699,IND,India,Central and Southern Asia,"Coffee, not roasted, not decaffeinated",2017,661046.7437,263209.0786
702,SGP,Singapore,Eastern and South-Eastern Asia (excl. China),"Coffee, not roasted, not decaffeinated",2017,15140.62026,3124.01017
703,SVK,Slovakia,Europe,"Coffee, not roasted, not decaffeinated",2017,3275.411837,458.616933
704,VNM,Vietnam,Eastern and South-Eastern Asia (excl. China),"Coffee, not roasted, not decaffeinated",2017,3296562.097,1522592.274
705,SVN,Slovenia,Europe,"Coffee, not roasted, not decaffeinated",2017,13306.3324,5145.446032
706,SOM,Somalia,Sub-Saharan Africa,"Coffee, not roasted, not decaffeinated",2017,1.04692,0.2395
710,ZAF,South Africa,Sub-Saharan Africa,"Coffee, not roasted, not decaffeinated",2017,5407.644564,1316.573399
716,ZWE,Zimbabwe,Sub-Saharan Africa,"Coffee, not roasted, not decaffeinated",2017,867.312766,217.42274
724,ESP,Spain,Europe,"Coffee, not roasted, not decaffeinated",2017,45258.18882,12073.4428
740,SUR,Suriname,Latin America and the Caribbean,"Coffee, not roasted, not decaffeinated",2017,53.40144,23.594
748,SWZ,Eswatini,Sub-Saharan Africa,"Coffee, not roasted, not decaffeinated",2017,1.87502046,0.049
752,SWE,Sweden,Europe,"Coffee, not roasted, not decaffeinated",2017,6513.722248,1376.781125
757,CHE,Switzerland,Europe,"Coffee, not roasted, not decaffeinated",2017,30732.63129,9813.396279
760,SYR,Syria,Northern Africa and Western Asia,"Coffee, not roasted, not decaffeinated",2017,19.319485,22.692
764,THA,Thailand,Eastern and South-Eastern Asia (excl. China),"Coffee, not roasted, not decaffeinated",2017,2272.503611,406.1340383
768,TGO,Togo,Sub-Saharan Africa,"Coffee, not roasted, not decaffeinated",2017,6905.720263,3456.077546
780,TTO,Trinidad and Tobago,Latin America and the Caribbean,"Coffee, not roasted, not decaffeinated",2017,40.3365523,8.060924656
784,ARE,United Arab Emirates,Northern Africa and Western Asia,"Coffee, not roasted, not decaffeinated",2017,11124.68525,4313.040512
788,TUN,Tunisia,Northern Africa and Western Asia,"Coffee, not roasted, not decaffeinated",2017,5.773558,15.088
792,TUR,Turkey,Northern Africa and Western Asia,"Coffee, not roasted, not decaffeinated",2017,6819.84725,2591.667887
796,TCA,Turks and Caicos Islands,Latin America and the Caribbean,"Coffee, not roasted, not decaffeinated",2017,2.142,0.653661
800,UGA,Uganda,Sub-Saharan Africa,"Coffee, not roasted, not decaffeinated",2017,532031.1001,242983.5306
804,UKR,Ukraine,Europe,"Coffee, not roasted, not decaffeinated",2017,21.198258,0.64595
807,MKD,North Macedonia,Europe,"Coffee, not roasted, not decaffeinated",2017,7.15171,3
818,EGY,Egypt,Northern Africa and Western Asia,"Coffee, not roasted, not decaffeinated",2017,169.363443,25.1083261
826,GBR,United Kingdom,Europe,"Coffee, not roasted, not decaffeinated",2017,45976.84684,10325.67087
834,TZA,Tanzania,Sub-Saharan Africa,"Coffee, not roasted, not decaffeinated",2017,139393.046,45279.13186
837,,Bunkers,,"Coffee, not roasted, not decaffeinated",2017,176.946634,42.141
838,,Free Zones,,"Coffee, not roasted, not decaffeinated",2017,1804.3339,615.904302
839,,Special Categories,,"Coffee, not roasted, not decaffeinated",2017,1.702474,0.70639
842,USA,United States,Northern America,"Coffee, not roasted, not decaffeinated",2017,135280.3155,27285.71742
854,BFA,Burkina Faso,Sub-Saharan Africa,"Coffee, not roasted, not decaffeinated",2017,1.397032,2.13
858,URY,Uruguay,Latin America and the Caribbean,"Coffee, not roasted, not decaffeinated",2017,0.112,0.04698
862,VEN,Venezuela,Latin America and the Caribbean,"Coffee, not roasted, not decaffeinated",2017,2139.60851,898.656
887,YEM,Yemen,Northern Africa and Western Asia,"Coffee, not roasted, not decaffeinated",2017,14337.10427,2601.69544
894,ZMB,Zambia,Sub-Saharan Africa,"Coffee, not roasted, not decaffeinated",2017,3052.22187,858.6873547
899,,"Areas, nes",,"Coffee, not roasted, not decaffeinated",2017,13714.29117,5897.043087