Importer M.49,Importer ISO3,Importer,Importer region,Resource,Year,Value (1000USD),Weight (1000kg)
4,AFG,Afghanistan,Central and Southern Asia,Coffee,2013,626.519883,130.41161
8,ALB,Albania,Europe,Coffee,2013,29572.38756,6880.947882
10,ATA,Antarctica,,Coffee,2013,,
12,DZA,Algeria,Northern Africa and Western Asia,Coffee,2013,288774.7461,125439.2659
16,ASM,American Samoa,Oceania (excl. Australia and New Zealand),Coffee,2013,,
20,AND,Andorra,Europe,Coffee,2013,6584.415803,415.5384771
24,AGO,Angola,Sub-Saharan Africa,Coffee,2013,5260.741026,656.7856441
28,ATG,Antigua and Barbuda,Latin America and the Caribbean,Coffee,2013,567.9436242,110.4152154
31,AZE,Azerbaijan,Northern Africa and Western Asia,Coffee,2013,1023.054912,152.1352643
32,ARG,Argentina,Latin America and the Caribbean,Coffee,2013,100095.0406,34166.30168
36,AUS,Australia,Australia and New Zealand,Coffee,2013,437837.7103,85157.18997
40,AUT,Austria,Europe,Coffee,2013,461277.3369,70080.99326
44,BHS,Bahamas,Latin America and the Caribbean,Coffee,2013,3182.856303,459.7684697
48,BHR,Bahrain,Northern Africa and Western Asia,Coffee,2013,3852.898512,508.3610678
50,BGD,Bangladesh,Central and Southern Asia,Coffee,2013,237.0915486,49.92788965
51,ARM,Armenia,Northern Africa and Western Asia,Coffee,2013,19150.12827,8035.854022
52,BRB,Barbados,Latin America and the Caribbean,Coffee,2013,787.4122211,118.355648
56,BEL,Belgium,Europe,Coffee,2013,1012716.708,279319.9951
60,BMU,Bermuda,Northern America,Coffee,2013,2316.257233,327.5579141
68,BOL,Bolivia,Latin America and the Caribbean,Coffee,2013,519.1370993,102.5102472
70,BIH,Bosnia Herzegovina,Europe,Coffee,2013,63576.36344,23214.36398
72,BWA,Botswana,Sub-Saharan Africa,Coffee,2013,4978.177557,1123.929961
76,BRA,Brazil,Latin America and the Caribbean,Coffee,2013,35768.92052,1986.307787
84,BLZ,Belize,Latin America and the Caribbean,Coffee,2013,2133.666804,351.946444
86,IOT,British Indian Ocean Territory,,Coffee,2013,,
90,SLB,Solomon Islands,Oceania (excl. Australia and New Zealand),Coffee,2013,3027.742109,81.9706053
92,VGB,British Virgin Islands,Latin America and the Caribbean,Coffee,2013,30.959198,5.3
96,BRN,Brunei Darussalam,Eastern and South-Eastern Asia (excl. China),Coffee,2013,823.2350083,141.8121379
100,BGR,Bulgaria,Europe,Coffee,2013,108876.225,29285.12233
104,MMR,Myanmar,Eastern and South-Eastern Asia (excl. China),Coffee,2013,960.553542,103.6384577
108,BDI,Burundi,Sub-Saharan Africa,Coffee,2013,29.53671564,13.97292309
112,BLR,Belarus,Europe,Coffee,2013,28726.81691,3957.918643
116,KHM,Cambodia,Eastern and South-Eastern Asia (excl. China),Coffee,2013,2541.171795,624.5491647
120,CMR,Cameroon,Sub-Saharan Africa,Coffee,2013,186.8772335,24.11138994
124,CAN,Canada,Northern America,Coffee,2013,1233945.822,247575.7453
132,CPV,Cabo Verde,Sub-Saharan Africa,Coffee,2013,2307.363549,699.2208521
136,CYM,Cayman Islands,Latin America and the Caribbean,Coffee,2013,966.171708,122.452
140,CAF,Central African Republic,Sub-Saharan Africa,Coffee,2013,111.783,23.881
144,LKA,Sri Lanka,Central and Southern Asia,Coffee,2013,394.0835943,67.44890649
148,TCD,Chad,Sub-Saharan Africa,Coffee,2013,120.033607,8.76
152,CHL,Chile,Latin America and the Caribbean,Coffee,2013,43987.70611,13886.13237
156,CHN,China,China,Coffee,2013,144120.2753,49119.41656
162,CXR,Christmas Islands,,Coffee,2013,4.252481,0.389
170,COL,Colombia,Latin America and the Caribbean,Coffee,2013,49946.8996,24125.78379
174,COM,Comoros,Sub-Saharan Africa,Coffee,2013,138.7631667,72.80209719
175,MYT,Mayotte,Sub-Saharan Africa,Coffee,2013,556.83134,22.772
178,COG,"Congo, Republic",Sub-Saharan Africa,Coffee,2013,625.9742529,96.81999841
180,COD,"Congo, Democratic Republic",Sub-Saharan Africa,Coffee,2013,1214.575225,213.84715
184,COK,Cook Islands,Oceania (excl. Australia and New Zealand),Coffee,2013,321.158695,20.429
188,CRI,Costa Rica,Latin America and the Caribbean,Coffee,2013,7975.544826,2729.25135
191,HRV,Croatia,Europe,Coffee,2013,63008.24565,17122.61645
192,CUB,Cuba,Latin America and the Caribbean,Coffee,2013,31059.08948,10712.15788
196,CYP,Cyprus,Northern Africa and Western Asia,Coffee,2013,17665.56858,2939.431704
203,CZE,Czech Republic,Europe,Coffee,2013,215244.0791,42256.10803
204,BEN,Benin,Sub-Saharan Africa,Coffee,2013,552.468366,529.9474446
208,DNK,Denmark,Europe,Coffee,2013,199435.0904,42074.81691
212,DMA,Dominica,Latin America and the Caribbean,Coffee,2013,1201.054955,582.265736
214,DOM,Dominican Republic,Latin America and the Caribbean,Coffee,2013,14062.42294,3177.241017
218,ECU,Ecuador,Latin America and the Caribbean,Coffee,2013,55719.49345,28772.48072
222,SLV,El Salvador,Latin America and the Caribbean,Coffee,2013,4778.805116,989.7750454
226,GNQ,Equatorial Guinea,Sub-Saharan Africa,Coffee,2013,443.878788,39.5958
231,ETH,Ethiopia,Sub-Saharan Africa,Coffee,2013,1168.255392,256.20148
232,ERI,Eritrea,Sub-Saharan Africa,Coffee,2013,209.634507,105.202
233,EST,Estonia,Europe,Coffee,2013,41043.02729,7410.636921
234,FRO,Faeroe Islands,Europe,Coffee,2013,2598.268733,292.702343
238,FLK,Falkland Islands (Malvinas),Latin America and the Caribbean,Coffee,2013,47.537,4.673
242,FJI,Fiji,Oceania (excl. Australia and New Zealand),Coffee,2013,1832.362115,180.5101575
246,FIN,Finland,Europe,Coffee,2013,260379.0599,70834.14687
251,FRA,France,Europe,Coffee,2013,2150692.027,324998.9487
258,PYF,French Polynesia,Oceania (excl. Australia and New Zealand),Coffee,2013,3192.378511,324.7364319
262,DJI,Djibouti,Sub-Saharan Africa,Coffee,2013,465.371155,215.348
266,GAB,Gabon,Sub-Saharan Africa,Coffee,2013,754.6236867,133.6105453
268,GEO,Georgia,Northern Africa and Western Asia,Coffee,2013,24088.56967,9676.761177
270,GMB,Gambia,Sub-Saharan Africa,Coffee,2013,287.8327122,330.0826832
275,PSE,State of Palestine,Northern Africa and Western Asia,Coffee,2013,23008.83097,4854.152969
276,DEU,Germany,Europe,Coffee,2013,3524198.698,1100956.227
288,GHA,Ghana,Sub-Saharan Africa,Coffee,2013,903.9814288,193.268182
292,GIB,Gibraltar,Europe,Coffee,2013,699.814745,80.52307
296,KIR,Kiribati,Oceania (excl. Australia and New Zealand),Coffee,2013,224.551746,9.299051
300,GRC,Greece,Europe,Coffee,2013,212392.4806,49511.42319
304,GRL,Greenland,Northern America,Coffee,2013,4240.756603,362.8200363
308,GRD,Grenada,Latin America and the Caribbean,Coffee,2013,300.9739813,22.21767726
316,GUM,Guam,Oceania (excl. Australia and New Zealand),Coffee,2013,363.673978,23.36
320,GTM,Guatemala,Latin America and the Caribbean,Coffee,2013,352.9338082,63.03801188
324,GIN,Guinea,Sub-Saharan Africa,Coffee,2013,140.3945469,52.21301598
328,GUY,Guyana,Latin America and the Caribbean,Coffee,2013,113.7494537,16.90279815
332,HTI,Haiti,Latin America and the Caribbean,Coffee,2013,1.135319,0.083
336,VAT,Holy See,Europe,Coffee,2013,64.118,19.248
340,HND,Honduras,Latin America and the Caribbean,Coffee,2013,118.262414,11.71979
344,HKG,"China, Hong Kong SAR",China,Coffee,2013,45490.9865,7636.248515
348,HUN,Hungary,Europe,Coffee,2013,126239.4007,30148.85888
352,ISL,Iceland,Europe,Coffee,2013,16624.79058,2548.436986
360,IDN,Indonesia,Eastern and South-Eastern Asia (excl. China),Coffee,2013,41180.35088,16673.37987
364,IRN,Iran,Central and Southern Asia,Coffee,2013,7178.590455,2501.382828
368,IRQ,Iraq,Northern Africa and Western Asia,Coffee,2013,4719.784912,543.248
372,IRL,Ireland,Europe,Coffee,2013,51196.7429,8572.146133
376,ISR,Israel,Northern Africa and Western Asia,Coffee,2013,158481.7838,44245.31134
381,ITA,Italy,Europe,Coffee,2013,1619307.363,509640.5834
384,CIV,Cote d'Ivoire,Sub-Saharan Africa,Coffee,2013,1636.637945,126.4211314
388,JAM,Jamaica,Latin America and the Caribbean,Coffee,2013,1749.718225,409.7537348
392,JPN,Japan,Eastern and South-Eastern Asia (excl. China),Coffee,2013,1552160.493,460550.8718
398,KAZ,Kazakhstan,Central and Southern Asia,Coffee,2013,5255.502315,518.6930105
400,JOR,Jordan,Northern Africa and Western Asia,Coffee,2013,73449.26432,25940.1575
404,KEN,Kenya,Sub-Saharan Africa,Coffee,2013,2711.583853,1079.049255
408,PRK,"Korea, Democratic People’s Republic",Eastern and South-Eastern Asia (excl. China),Coffee,2013,1659.425304,979.966
410,KOR,"Korea, Republic",Eastern and South-Eastern Asia (excl. China),Coffee,2013,403289.6057,113475.1995
414,KWT,Kuwait,Northern Africa and Western Asia,Coffee,2013,23897.53321,5853.928945
417,KGZ,Kyrgyzstan,Central and Southern Asia,Coffee,2013,545.820122,73.85749998
418,LAO,Lao PDR,Eastern and South-Eastern Asia (excl. China),Coffee,2013,110.824,20.999
422,LBN,Lebanon,Northern Africa and Western Asia,Coffee,2013,73379.02378,27330.68937
426,LSO,Lesotho,Sub-Saharan Africa,Coffee,2013,1563.043648,234.852329
428,LVA,Latvia,Europe,Coffee,2013,57283.88122,9848.315699
430,LBR,Liberia,Sub-Saharan Africa,Coffee,2013,462.923645,105.25798
434,LBY,Libya,Northern Africa and Western Asia,Coffee,2013,29863.20512,11066.349
440,LTU,Lithuania,Europe,Coffee,2013,89673.92902,13254.48428
442,LUX,Luxembourg,Europe,Coffee,2013,127064.6067,17705.6095
446,MAC,"China, Macao SAR",China,Coffee,2013,6888.317171,1506.814329
450,MDG,Madagascar,Sub-Saharan Africa,Coffee,2013,268.8120378,35.59506819
454,MWI,Malawi,Sub-Saharan Africa,Coffee,2013,290.8401526,70.755084
458,MYS,Malaysia,Eastern and South-Eastern Asia (excl. China),Coffee,2013,200147.2315,86080.75203
462,MDV,Maldives,Central and Southern Asia,Coffee,2013,2547.966948,174.5383402
466,MLI,Mali,Sub-Saharan Africa,Coffee,2013,173.094426,23.42
470,MLT,Malta,Europe,Coffee,2013,4565.294913,649.1657103
478,MRT,Mauritania,Sub-Saharan Africa,Coffee,2013,399.5150394,483.1859635
480,MUS,Mauritius,Sub-Saharan Africa,Coffee,2013,2355.56927,205.0504902
484,MEX,Mexico,Latin America and the Caribbean,Coffee,2013,96109.58271,31784.96666
490,,"Other Asia, nes",,Coffee,2013,101820.277,22574.27941
496,MNG,Mongolia,Eastern and South-Eastern Asia (excl. China),Coffee,2013,437.5519045,45.15142863
498,MDA,Moldova,Europe,Coffee,2013,3266.038517,419.901214
499,MNE,Montenegro,Europe,Coffee,2013,18247.67841,6632.829592
500,MSR,Montserrat,Latin America and the Caribbean,Coffee,2013,844.389,58.157
504,MAR,Morocco,Northern Africa and Western Asia,Coffee,2013,94829.83628,38008.77943
508,MOZ,Mozambique,Sub-Saharan Africa,Coffee,2013,2931.329263,449.5100547
512,OMN,Oman,Northern Africa and Western Asia,Coffee,2013,13442.12831,4881.643689
516,NAM,Namibia,Sub-Saharan Africa,Coffee,2013,7131.809467,1785.77716
520,NRU,Nauru,Oceania (excl. Australia and New Zealand),Coffee,2013,1200.436,32.542
524,NPL,Nepal,Central and Southern Asia,Coffee,2013,566.3416637,158.0588
528,NLD,Netherlands,Europe,Coffee,2013,742631.9123,144158.3453
531,CUW,Curacao,Latin America and the Caribbean,Coffee,2013,961.239343,123.7984
533,ABW,Aruba,Latin America and the Caribbean,Coffee,2013,2479.15212,253.6141748
534,SXM,Sint Maarten (Dutch part),Latin America and the Caribbean,Coffee,2013,291.121462,24.371
535,BES,Bonaire,Latin America and the Caribbean,Coffee,2013,142.964998,14.961
540,NCL,New Caledonia,Oceania (excl. Australia and New Zealand),Coffee,2013,4251.289467,553.9339729
548,VUT,Vanuatu,Oceania (excl. Australia and New Zealand),Coffee,2013,76.472427,6.832
554,NZL,New Zealand,Australia and New Zealand,Coffee,2013,56054.93694,11659.08008
558,NIC,Nicaragua,Latin America and the Caribbean,Coffee,2013,1661.485062,877.8779686
562,NER,Niger,Sub-Saharan Africa,Coffee,2013,494.1372048,137.4483055
566,NGA,Nigeria,Sub-Saharan Africa,Coffee,2013,2181.463252,489.1679573
568,,"Other Europe, nes",,Coffee,2013,10.594775,1.072
570,NIU,Niue,Oceania (excl. Australia and New Zealand),Coffee,2013,8.111673,0.339
574,NFK,Norfolk Islands,Australia and New Zealand,Coffee,2013,30.629054,57.978
577,,"Other Africa, nes",,Coffee,2013,14.676264,0.476
579,NOR,Norway,Europe,Coffee,2013,209245.9328,43411.01496
583,FSM,Micronesia,Oceania (excl. Australia and New Zealand),Coffee,2013,263.856,44.89
584,MHL,Marshall Islands,Oceania (excl. Australia and New Zealand),Coffee,2013,76.211,11.949
585,PLW,Palau,Oceania (excl. Australia and New Zealand),Coffee,2013,237.032122,27.68404294
586,PAK,Pakistan,Central and Southern Asia,Coffee,2013,772.0167297,151.7664719
591,PAN,Panama,Latin America and the Caribbean,Coffee,2013,4200.31616,1219.335044
598,PNG,Papua New Guinea,Oceania (excl. Australia and New Zealand),Coffee,2013,982.472677,70.22095
600,PRY,Paraguay,Latin America and the Caribbean,Coffee,2013,1815.506465,503.2565022
604,PER,Peru,Latin America and the Caribbean,Coffee,2013,4054.840587,411.2851674
608,PHL,Philippines,Eastern and South-Eastern Asia (excl. China),Coffee,2013,91801.87658,35867.87166
616,POL,Poland,Europe,Coffee,2013,528297.3361,142583.4322
620,PRT,Portugal,Europe,Coffee,2013,256935.6622,53607.85553
624,GNB,Guinea-Bissau,Sub-Saharan Africa,Coffee,2013,70.387,6.175
626,TLS,Timor-Leste,Eastern and South-Eastern Asia (excl. China),Coffee,2013,28.483856,1.1536
634,QAT,Qatar,Northern Africa and Western Asia,Coffee,2013,10948.39144,1668.271565
642,ROU,Romania,Europe,Coffee,2013,192701.8415,42931.97961
643,RUS,Russian Federation,Europe,Coffee,2013,511251.5542,140941.0488
646,RWA,Rwanda,Sub-Saharan Africa,Coffee,2013,1562.743568,703.2980488
652,BLM,Saint-Barthelemy,Latin America and the Caribbean,Coffee,2013,180.126,15.979
654,SHN,Saint Helena,Sub-Saharan Africa,Coffee,2013,7.000236,1.49566
659,KNA,Saint Kitts and Nevis,Latin America and the Caribbean,Coffee,2013,189.854958,20.4428163
660,AIA,Anguilla,Latin America and the Caribbean,Coffee,2013,2.528,0.298
662,LCA,Saint Lucia,Latin America and the Caribbean,Coffee,2013,663.371263,55.34939316
666,SPM,Saint Pierre and Miquelon,Northern America,Coffee,2013,89.871,8.598
670,VCT,Saint Vincent and the Grenadines,Latin America and the Caribbean,Coffee,2013,104.7918518,13.21535797
674,SMR,San Marino,Europe,Coffee,2013,701.23314,11.351
678,STP,Sao Tome and Principe,Sub-Saharan Africa,Coffee,2013,58.8580253,7.59614321
682,SAU,Saudi Arabia,Northern Africa and Western Asia,Coffee,2013,171029.9097,44867.03074
686,SEN,Senegal,Sub-Saharan Africa,Coffee,2013,2319.656198,1236.876932
688,SRB,Serbia,Europe,Coffee,2013,70951.98685,25326.63477
690,SYC,Seychelles,Sub-Saharan Africa,Coffee,2013,1393.898904,203.7364556
694,SLE,Sierra Leone,Sub-Saharan Africa,Coffee,2013,163.716164,42.186
699,IND,India,Central and Southern Asia,Coffee,2013,119627.6274,61557.52171
702,SGP,Singapore,Eastern and South-Eastern Asia (excl. China),Coffee,2013,88406.24807,26735.06957
703,SVK,Slovakia,Europe,Coffee,2013,248768.2799,54049.05076
704,VNM,Vietnam,Eastern and South-Eastern Asia (excl. China),Coffee,2013,47155.8296,18276.33061
705,SVN,Slovenia,Europe,Coffee,2013,101607.0825,36207.30095
706,SOM,Somalia,Sub-Saharan Africa,Coffee,2013,270.5078,1016.309
710,ZAF,South Africa,Sub-Saharan Africa,Coffee,2013,78606.55268,22185.80196
716,ZWE,Zimbabwe,Sub-Saharan Africa,Coffee,2013,758.4742575,157.2723329
724,ESP,Spain,Europe,Coffee,2013,853666.815,272349.2153
728,SSD,South Sudan,Sub-Saharan Africa,Coffee,2013,1233.631991,645.907
729,SDN,Sudan,Northern Africa and Western Asia,Coffee,2013,58582.75532,29388.61778
740,SUR,Suriname,Latin America and the Caribbean,Coffee,2013,442.327901,64.2459633
748,SWZ,Eswatini,Sub-Saharan Africa,Coffee,2013,3044.326793,1185.546041
752,SWE,Sweden,Europe,Coffee,2013,456119.3629,113853.5346
757,CHE,Switzerland,Europe,Coffee,2013,616121.6312,151538.1563
760,SYR,Syria,Northern Africa and Western Asia,Coffee,2013,54208.45768,22901.997
762,TJK,Tajikistan,Central and Southern Asia,Coffee,2013,38.377,7.929
764,THA,Thailand,Eastern and South-Eastern Asia (excl. China),Coffee,2013,78439.25508,35290.24535
768,TGO,Togo,Sub-Saharan Africa,Coffee,2013,3812.610379,428.267326
772,TKL,Tokelau,Oceania (excl. Australia and New Zealand),Coffee,2013,9.778,2.2
776,TON,Tonga,Oceania (excl. Australia and New Zealand),Coffee,2013,132.7753177,24.45655375
780,TTO,Trinidad and Tobago,Latin America and the Caribbean,Coffee,2013,1243.995848,369.0258322
784,ARE,United Arab Emirates,Northern Africa and Western Asia,Coffee,2013,73121.3679,14070.02323
788,TUN,Tunisia,Northern Africa and Western Asia,Coffee,2013,47921.40627,20209.7047
792,TUR,Turkey,Northern Africa and Western Asia,Coffee,2013,105881.1601,33221.36988
795,TKM,Turkmenistan,Central and Southern Asia,Coffee,2013,175.402614,20.943
796,TCA,Turks and Caicos Islands,Latin America and the Caribbean,Coffee,2013,297.14,22.527
798,TUV,Tuvalu,Oceania (excl. Australia and New Zealand),Coffee,2013,22.298,3.517
800,UGA,Uganda,Sub-Saharan Africa,Coffee,2013,2247.176566,3584.421167
804,UKR,Ukraine,Europe,Coffee,2013,149422.4889,29558.21105
807,MKD,North Macedonia,Europe,Coffee,2013,19771.48195,6178.819885
818,EGY,Egypt,Northern Africa and Western Asia,Coffee,2013,78501.55251,33712.24245
826,GBR,United Kingdom,Europe,Coffee,2013,720332.1634,180641.4469
834,TZA,Tanzania,Sub-Saharan Africa,Coffee,2013,430.9887997,95.97566614
837,,Bunkers,,Coffee,2013,3960.806313,494.556196
838,,Free Zones,,Coffee,2013,9633.92463,3586.768
839,,Special Categories,,Coffee,2013,186.237131,40.906
842,USA,United States,Northern America,Coffee,2013,5299249.924,1475760.001
854,BFA,Burkina Faso,Sub-Saharan Africa,Coffee,2013,474.3134083,567.7023154
858,URY,Uruguay,Latin America and the Caribbean,Coffee,2013,5435.100186,1341.46959
860,UZB,Uzbekistan,Central and Southern Asia,Coffee,2013,422.122264,61.239
862,VEN,Venezuela,Latin America and the Caribbean,Coffee,2013,239214.2489,46922.64137
876,WLF,Wallis and Futuna Islands,Oceania (excl. Australia and New Zealand),Coffee,2013,54.648,5.164
882,WSM,Samoa,Oceania (excl. Australia and New Zealand),Coffee,2013,388.4023519,146.7096386
887,YEM,Yemen,Northern Africa and Western Asia,Coffee,2013,3005.502625,1648.8665
894,ZMB,Zambia,Sub-Saharan Africa,Coffee,2013,1114.146772,220.6301184
899,,"Areas, nes",,Coffee,2013,306772.0708,149777.8595
4,AFG,Afghanistan,Central and Southern Asia,Coffee,2014,276.343307,38.74645
8,ALB,Albania,Europe,Coffee,2014,23992.22424,5567.017807
10,ATA,Antarctica,,Coffee,2014,,
12,DZA,Algeria,Northern Africa and Western Asia,Coffee,2014,266096.5335,120221.0229
16,ASM,American Samoa,Oceania (excl. Australia and New Zealand),Coffee,2014,199.663,38.4
20,AND,Andorra,Europe,Coffee,2014,4963.398319,415.2151944
24,AGO,Angola,Sub-Saharan Africa,Coffee,2014,5840.981617,888.3525232
28,ATG,Antigua and Barbuda,Latin America and the Caribbean,Coffee,2014,456.5122087,68.00045442
31,AZE,Azerbaijan,Northern Africa and Western Asia,Coffee,2014,895.1423766,106.0487274
32,ARG,Argentina,Latin America and the Caribbean,Coffee,2014,78525.27832,25316.27148
36,AUS,Australia,Australia and New Zealand,Coffee,2014,476108.0177,86956.30743
40,AUT,Austria,Europe,Coffee,2014,479310.3998,64704.8449
44,BHS,Bahamas,Latin America and the Caribbean,Coffee,2014,3324.416073,542.0449379
48,BHR,Bahrain,Northern Africa and Western Asia,Coffee,2014,4546.275356,474.5827981
50,BGD,Bangladesh,Central and Southern Asia,Coffee,2014,307.352281,255.90741
51,ARM,Armenia,Northern Africa and Western Asia,Coffee,2014,16469.71402,7099.285079
52,BRB,Barbados,Latin America and the Caribbean,Coffee,2014,843.4814407,107.8679105
56,BEL,Belgium,Europe,Coffee,2014,1213423.055,341769.3072
60,BMU,Bermuda,Northern America,Coffee,2014,2026.811386,379.9867751
68,BOL,Bolivia,Latin America and the Caribbean,Coffee,2014,564.8104639,83.01663552
70,BIH,Bosnia Herzegovina,Europe,Coffee,2014,59482.72764,22078.39394
72,BWA,Botswana,Sub-Saharan Africa,Coffee,2014,5266.742677,1056.13325
76,BRA,Brazil,Latin America and the Caribbean,Coffee,2014,55433.60681,3430.937198
84,BLZ,Belize,Latin America and the Caribbean,Coffee,2014,572.587496,254.7002046
86,IOT,British Indian Ocean Territory,,Coffee,2014,,
90,SLB,Solomon Islands,Oceania (excl. Australia and New Zealand),Coffee,2014,2578.221221,351.9721634
92,VGB,British Virgin Islands,Latin America and the Caribbean,Coffee,2014,88.50204,12.993
96,BRN,Brunei Darussalam,Eastern and South-Eastern Asia (excl. China),Coffee,2014,671.9850471,155.05781
100,BGR,Bulgaria,Europe,Coffee,2014,126160.0767,32189.38111
104,MMR,Myanmar,Eastern and South-Eastern Asia (excl. China),Coffee,2014,1620.249374,1177.797972
108,BDI,Burundi,Sub-Saharan Africa,Coffee,2014,5.59817,2.40091
112,BLR,Belarus,Europe,Coffee,2014,30751.2048,4673.15609
116,KHM,Cambodia,Eastern and South-Eastern Asia (excl. China),Coffee,2014,1680.177515,341.503289
120,CMR,Cameroon,Sub-Saharan Africa,Coffee,2014,172.8197703,30.76683701
124,CAN,Canada,Northern America,Coffee,2014,1359935.182,268918.8438
132,CPV,Cabo Verde,Sub-Saharan Africa,Coffee,2014,1903.851825,594.0321843
136,CYM,Cayman Islands,Latin America and the Caribbean,Coffee,2014,1119.313551,120.47192
140,CAF,Central African Republic,Sub-Saharan Africa,Coffee,2014,120.637417,51.432
144,LKA,Sri Lanka,Central and Southern Asia,Coffee,2014,593.7282056,61.61013295
148,TCD,Chad,Sub-Saharan Africa,Coffee,2014,126.258502,11.344
152,CHL,Chile,Latin America and the Caribbean,Coffee,2014,37197.12234,11918.80387
156,CHN,China,China,Coffee,2014,171963.1251,58478.67773
162,CXR,Christmas Islands,,Coffee,2014,5.298,0.151
170,COL,Colombia,Latin America and the Caribbean,Coffee,2014,35772.09478,17405.66589
174,COM,Comoros,Sub-Saharan Africa,Coffee,2014,136.52932,61.34536842
178,COG,"Congo, Republic",Sub-Saharan Africa,Coffee,2014,864.8910253,146.2727471
180,COD,"Congo, Democratic Republic",Sub-Saharan Africa,Coffee,2014,829.135865,94.006497
184,COK,Cook Islands,Oceania (excl. Australia and New Zealand),Coffee,2014,158.121192,11.659
188,CRI,Costa Rica,Latin America and the Caribbean,Coffee,2014,27514.31665,10194.60326
191,HRV,Croatia,Europe,Coffee,2014,64640.32378,16776.69698
192,CUB,Cuba,Latin America and the Caribbean,Coffee,2014,32638.96161,11510.61752
196,CYP,Cyprus,Northern Africa and Western Asia,Coffee,2014,27811.62158,4800.824224
203,CZE,Czech Republic,Europe,Coffee,2014,325917.0573,54823.36135
204,BEN,Benin,Sub-Saharan Africa,Coffee,2014,804.0159899,427.3555783
208,DNK,Denmark,Europe,Coffee,2014,193768.5026,38677.81664
212,DMA,Dominica,Latin America and the Caribbean,Coffee,2014,5854.69811,2610.397
214,DOM,Dominican Republic,Latin America and the Caribbean,Coffee,2014,18220.87987,7241.639632
218,ECU,Ecuador,Latin America and the Caribbean,Coffee,2014,90518.24634,45894.22455
222,SLV,El Salvador,Latin America and the Caribbean,Coffee,2014,2976.926343,583.4465911
226,GNQ,Equatorial Guinea,Sub-Saharan Africa,Coffee,2014,459.835956,46.1317
231,ETH,Ethiopia,Sub-Saharan Africa,Coffee,2014,1202.265188,260.5699793
232,ERI,Eritrea,Sub-Saharan Africa,Coffee,2014,168.124094,83.354
233,EST,Estonia,Europe,Coffee,2014,53903.21362,8527.892819
234,FRO,Faeroe Islands,Europe,Coffee,2014,2968.247486,339.164186
238,FLK,Falkland Islands (Malvinas),Latin America and the Caribbean,Coffee,2014,59.544,6.268
242,FJI,Fiji,Oceania (excl. Australia and New Zealand),Coffee,2014,1790.807817,182.0766343
246,FIN,Finland,Europe,Coffee,2014,291103.1219,68340.96915
251,FRA,France,Europe,Coffee,2014,2251169.787,321626.973
258,PYF,French Polynesia,Oceania (excl. Australia and New Zealand),Coffee,2014,3478.573837,359.8736291
262,DJI,Djibouti,Sub-Saharan Africa,Coffee,2014,242.894696,65.106
266,GAB,Gabon,Sub-Saharan Africa,Coffee,2014,852.3293405,213.9348983
268,GEO,Georgia,Northern Africa and Western Asia,Coffee,2014,23094.45443,9008.270848
270,GMB,Gambia,Sub-Saharan Africa,Coffee,2014,207.3275637,311.3564711
275,PSE,State of Palestine,Northern Africa and Western Asia,Coffee,2014,22594.3279,6021.8487
276,DEU,Germany,Europe,Coffee,2014,4029192.197,1155779.445
288,GHA,Ghana,Sub-Saharan Africa,Coffee,2014,1109.830513,237.103267
292,GIB,Gibraltar,Europe,Coffee,2014,523.909188,58.19543
296,KIR,Kiribati,Oceania (excl. Australia and New Zealand),Coffee,2014,255.0331505,11.32073379
300,GRC,Greece,Europe,Coffee,2014,242527.9175,50703.0441
304,GRL,Greenland,Northern America,Coffee,2014,4555.786091,411.361724
308,GRD,Grenada,Latin America and the Caribbean,Coffee,2014,326.6177855,36.10830117
316,GUM,Guam,Oceania (excl. Australia and New Zealand),Coffee,2014,296.154,15.513
320,GTM,Guatemala,Latin America and the Caribbean,Coffee,2014,435.1128979,65.3932866
324,GIN,Guinea,Sub-Saharan Africa,Coffee,2014,256.0505488,93.65019953
328,GUY,Guyana,Latin America and the Caribbean,Coffee,2014,129.1329475,16.18253964
332,HTI,Haiti,Latin America and the Caribbean,Coffee,2014,45.764244,6.99543
336,VAT,Holy See,Europe,Coffee,2014,3.199896,0.099
340,HND,Honduras,Latin America and the Caribbean,Coffee,2014,207.915268,26.3500652
344,HKG,"China, Hong Kong SAR",China,Coffee,2014,45328.35905,7685.937027
348,HUN,Hungary,Europe,Coffee,2014,158062.0208,33699.34768
352,ISL,Iceland,Europe,Coffee,2014,16665.07948,2576.271069
360,IDN,Indonesia,Eastern and South-Eastern Asia (excl. China),Coffee,2014,47765.03795,19359.03664
364,IRN,Iran,Central and Southern Asia,Coffee,2014,7888.325188,2809.796174
368,IRQ,Iraq,Northern Africa and Western Asia,Coffee,2014,4541.089845,738.214967
372,IRL,Ireland,Europe,Coffee,2014,56679.97941,8811.637332
376,ISR,Israel,Northern Africa and Western Asia,Coffee,2014,119283.7473,28587.21952
381,ITA,Italy,Europe,Coffee,2014,1736505.816,545612.5
384,CIV,Cote d'Ivoire,Sub-Saharan Africa,Coffee,2014,3342.688761,633.9021302
388,JAM,Jamaica,Latin America and the Caribbean,Coffee,2014,2145.610143,470.6576876
392,JPN,Japan,Eastern and South-Eastern Asia (excl. China),Coffee,2014,1463844.52,418890.1249
398,KAZ,Kazakhstan,Central and Southern Asia,Coffee,2014,5716.732224,605.1147851
400,JOR,Jordan,Northern Africa and Western Asia,Coffee,2014,72509.26831,25224.538
404,KEN,Kenya,Sub-Saharan Africa,Coffee,2014,3375.72778,1455.92337
408,PRK,"Korea, Democratic People’s Republic",Eastern and South-Eastern Asia (excl. China),Coffee,2014,16065.69686,5506.715
410,KOR,"Korea, Republic",Eastern and South-Eastern Asia (excl. China),Coffee,2014,524023.4129,136814.2354
414,KWT,Kuwait,Northern Africa and Western Asia,Coffee,2014,24898.8922,5353.064243
417,KGZ,Kyrgyzstan,Central and Southern Asia,Coffee,2014,434.9855642,51.50445321
418,LAO,Lao PDR,Eastern and South-Eastern Asia (excl. China),Coffee,2014,7.729,0.682
422,LBN,Lebanon,Northern Africa and Western Asia,Coffee,2014,63936.95729,26537.29467
426,LSO,Lesotho,Sub-Saharan Africa,Coffee,2014,1480.526189,212.5295678
428,LVA,Latvia,Europe,Coffee,2014,76152.20029,12231.29469
430,LBR,Liberia,Sub-Saharan Africa,Coffee,2014,128.84648,38.78195
434,LBY,Libya,Northern Africa and Western Asia,Coffee,2014,28085.17237,9831.185
440,LTU,Lithuania,Europe,Coffee,2014,107983.5986,16011.25486
442,LUX,Luxembourg,Europe,Coffee,2014,144137.1715,19855.48139
446,MAC,"China, Macao SAR",China,Coffee,2014,5710.377611,1066.68238
450,MDG,Madagascar,Sub-Saharan Africa,Coffee,2014,449.6434403,111.6098308
454,MWI,Malawi,Sub-Saharan Africa,Coffee,2014,261.1402588,87.6172938
458,MYS,Malaysia,Eastern and South-Eastern Asia (excl. China),Coffee,2014,202501.7323,78710.84107
462,MDV,Maldives,Central and Southern Asia,Coffee,2014,2778.631935,407.9116032
466,MLI,Mali,Sub-Saharan Africa,Coffee,2014,184.540629,25.461
470,MLT,Malta,Europe,Coffee,2014,4256.183928,400.0965535
478,MRT,Mauritania,Sub-Saharan Africa,Coffee,2014,267.455013,289.4737295
480,MUS,Mauritius,Sub-Saharan Africa,Coffee,2014,2717.202113,286.3153954
484,MEX,Mexico,Latin America and the Caribbean,Coffee,2014,180206.7008,68436.64315
490,,"Other Asia, nes",,Coffee,2014,118416.7393,24055.85086
496,MNG,Mongolia,Eastern and South-Eastern Asia (excl. China),Coffee,2014,454.580636,48.71021
498,MDA,Moldova,Europe,Coffee,2014,4025.720512,523.1761492
499,MNE,Montenegro,Europe,Coffee,2014,18013.35664,6852.597794
500,MSR,Montserrat,Latin America and the Caribbean,Coffee,2014,835.902945,58.414
504,MAR,Morocco,Northern Africa and Western Asia,Coffee,2014,88979.93921,35126.43744
508,MOZ,Mozambique,Sub-Saharan Africa,Coffee,2014,2471.9816,319.9351844
512,OMN,Oman,Northern Africa and Western Asia,Coffee,2014,14699.00596,5507.124885
516,NAM,Namibia,Sub-Saharan Africa,Coffee,2014,7926.593922,1790.541248
520,NRU,Nauru,Oceania (excl. Australia and New Zealand),Coffee,2014,1008.22736,49.482
524,NPL,Nepal,Central and Southern Asia,Coffee,2014,660.7289834,147.7921484
528,NLD,Netherlands,Europe,Coffee,2014,1007711.874,182792.7604
531,CUW,Curacao,Latin America and the Caribbean,Coffee,2014,1166.114749,159.61935
533,ABW,Aruba,Latin America and the Caribbean,Coffee,2014,2601.062572,282.0246755
534,SXM,Sint Maarten (Dutch part),Latin America and the Caribbean,Coffee,2014,328.644213,28.761
535,BES,Bonaire,Latin America and the Caribbean,Coffee,2014,79.973956,10.464
540,NCL,New Caledonia,Oceania (excl. Australia and New Zealand),Coffee,2014,4512.98696,521.8994421
548,VUT,Vanuatu,Oceania (excl. Australia and New Zealand),Coffee,2014,86.628957,8.533
554,NZL,New Zealand,Australia and New Zealand,Coffee,2014,61908.375,12335.65175
558,NIC,Nicaragua,Latin America and the Caribbean,Coffee,2014,1665.150688,740.334413
562,NER,Niger,Sub-Saharan Africa,Coffee,2014,192.2325587,112.2070509
566,NGA,Nigeria,Sub-Saharan Africa,Coffee,2014,1473.023656,233.3012614
568,,"Other Europe, nes",,Coffee,2014,6.008,0.143
570,NIU,Niue,Oceania (excl. Australia and New Zealand),Coffee,2014,14.221797,0.452
574,NFK,Norfolk Islands,Australia and New Zealand,Coffee,2014,23.909431,1.648
577,,"Other Africa, nes",,Coffee,2014,15.996,0.576
579,NOR,Norway,Europe,Coffee,2014,222055.0107,40923.30272
583,FSM,Micronesia,Oceania (excl. Australia and New Zealand),Coffee,2014,8.263,1.385
584,MHL,Marshall Islands,Oceania (excl. Australia and New Zealand),Coffee,2014,40.571751,4.501
585,PLW,Palau,Oceania (excl. Australia and New Zealand),Coffee,2014,647.9202959,208.3863793
586,PAK,Pakistan,Central and Southern Asia,Coffee,2014,898.3076068,146.7044869
591,PAN,Panama,Latin America and the Caribbean,Coffee,2014,6653.110674,1714.584973
598,PNG,Papua New Guinea,Oceania (excl. Australia and New Zealand),Coffee,2014,721.146002,51.798
600,PRY,Paraguay,Latin America and the Caribbean,Coffee,2014,2333.02289,733.2535035
604,PER,Peru,Latin America and the Caribbean,Coffee,2014,4707.444849,627.9293047
608,PHL,Philippines,Eastern and South-Eastern Asia (excl. China),Coffee,2014,56809.97945,23413.41795
612,PCN,Pitcairn,Oceania (excl. Australia and New Zealand),Coffee,2014,0.08,0.48
616,POL,Poland,Europe,Coffee,2014,516157.8429,130166.1425
620,PRT,Portugal,Europe,Coffee,2014,254740.1042,55356.55812
624,GNB,Guinea-Bissau,Sub-Saharan Africa,Coffee,2014,91.033081,10.00626398
626,TLS,Timor-Leste,Eastern and South-Eastern Asia (excl. China),Coffee,2014,64.079853,3.16572
634,QAT,Qatar,Northern Africa and Western Asia,Coffee,2014,11760.08944,1693.773646
642,ROU,Romania,Europe,Coffee,2014,200953.9806,43605.62804
643,RUS,Russian Federation,Europe,Coffee,2014,556936.679,149378.7356
646,RWA,Rwanda,Sub-Saharan Africa,Coffee,2014,1418.840115,439.9096577
652,BLM,Saint-Barthelemy,Latin America and the Caribbean,Coffee,2014,185.95898,24.981
654,SHN,Saint Helena,Sub-Saharan Africa,Coffee,2014,9.88041,0.90524
659,KNA,Saint Kitts and Nevis,Latin America and the Caribbean,Coffee,2014,229.0647687,22.67765884
660,AIA,Anguilla,Latin America and the Caribbean,Coffee,2014,1.503225,0.259
662,LCA,Saint Lucia,Latin America and the Caribbean,Coffee,2014,613.535617,52.91930384
666,SPM,Saint Pierre and Miquelon,Northern America,Coffee,2014,95.268,8.922
670,VCT,Saint Vincent and the Grenadines,Latin America and the Caribbean,Coffee,2014,89.11180424,12.41520595
674,SMR,San Marino,Europe,Coffee,2014,718.50508,11.554
678,STP,Sao Tome and Principe,Sub-Saharan Africa,Coffee,2014,38.75359824,3.828634073
682,SAU,Saudi Arabia,Northern Africa and Western Asia,Coffee,2014,190887.6928,47709.55155
686,SEN,Senegal,Sub-Saharan Africa,Coffee,2014,2130.399623,967.1897241
688,SRB,Serbia,Europe,Coffee,2014,51652.13656,18371.45837
690,SYC,Seychelles,Sub-Saharan Africa,Coffee,2014,701.6991196,35.13816574
694,SLE,Sierra Leone,Sub-Saharan Africa,Coffee,2014,1519.790016,59.898603
699,IND,India,Central and Southern Asia,Coffee,2014,134729.6755,71561.00183
702,SGP,Singapore,Eastern and South-Eastern Asia (excl. China),Coffee,2014,75212.77873,19577.76436
703,SVK,Slovakia,Europe,Coffee,2014,245843.1053,44731.01469
704,VNM,Vietnam,Eastern and South-Eastern Asia (excl. China),Coffee,2014,57473.87561,19387.49968
705,SVN,Slovenia,Europe,Coffee,2014,107737.9372,38558.67938
706,SOM,Somalia,Sub-Saharan Africa,Coffee,2014,4.167,0.172
710,ZAF,South Africa,Sub-Saharan Africa,Coffee,2014,85797.49185,23156.73682
716,ZWE,Zimbabwe,Sub-Saharan Africa,Coffee,2014,815.757738,236.710452
724,ESP,Spain,Europe,Coffee,2014,1136078.261,299933.8123
728,SSD,South Sudan,Sub-Saharan Africa,Coffee,2014,456.589,211.22
729,SDN,Sudan,Northern Africa and Western Asia,Coffee,2014,61844.01295,27930.96544
740,SUR,Suriname,Latin America and the Caribbean,Coffee,2014,691.060414,123.679945
748,SWZ,Eswatini,Sub-Saharan Africa,Coffee,2014,4965.9065,1839.769274
752,SWE,Sweden,Europe,Coffee,2014,500095.1783,111530.2868
757,CHE,Switzerland,Europe,Coffee,2014,610472.1068,136573.859
760,SYR,Syria,Northern Africa and Western Asia,Coffee,2014,61468.31622,27499.312
762,TJK,Tajikistan,Central and Southern Asia,Coffee,2014,119.971349,19.716
764,THA,Thailand,Eastern and South-Eastern Asia (excl. China),Coffee,2014,101916.1973,45585.17098
768,TGO,Togo,Sub-Saharan Africa,Coffee,2014,289.4651987,84.43933019
772,TKL,Tokelau,Oceania (excl. Australia and New Zealand),Coffee,2014,23.843216,3.785
776,TON,Tonga,Oceania (excl. Australia and New Zealand),Coffee,2014,173.8431069,29.44557096
780,TTO,Trinidad and Tobago,Latin America and the Caribbean,Coffee,2014,1256.422274,321.7495093
784,ARE,United Arab Emirates,Northern Africa and Western Asia,Coffee,2014,83133.3653,14903.24013
788,TUN,Tunisia,Northern Africa and Western Asia,Coffee,2014,45178.03787,20889.80199
792,TUR,Turkey,Northern Africa and Western Asia,Coffee,2014,124532.6611,40458.34043
795,TKM,Turkmenistan,Central and Southern Asia,Coffee,2014,338.926142,42.519
796,TCA,Turks and Caicos Islands,Latin America and the Caribbean,Coffee,2014,292.363577,24.96635
798,TUV,Tuvalu,Oceania (excl. Australia and New Zealand),Coffee,2014,22.928396,2.822
800,UGA,Uganda,Sub-Saharan Africa,Coffee,2014,19192.85025,12116.61083
804,UKR,Ukraine,Europe,Coffee,2014,116523.1222,26451.78372
807,MKD,North Macedonia,Europe,Coffee,2014,21602.72384,7372.783895
818,EGY,Egypt,Northern Africa and Western Asia,Coffee,2014,66750.86216,27616.52405
826,GBR,United Kingdom,Europe,Coffee,2014,863918.3133,189693.3289
834,TZA,Tanzania,Sub-Saharan Africa,Coffee,2014,614.1382749,165.781695
837,,Bunkers,,Coffee,2014,4842.497215,1325.84291
838,,Free Zones,,Coffee,2014,4690.336294,1876.6351
839,,Special Categories,,Coffee,2014,126.899592,29.4654
842,USA,United States,Northern America,Coffee,2014,5925267.11,1512965.941
854,BFA,Burkina Faso,Sub-Saharan Africa,Coffee,2014,271.3750462,211.3015474
858,URY,Uruguay,Latin America and the Caribbean,Coffee,2014,5450.81669,1384.47503
860,UZB,Uzbekistan,Central and Southern Asia,Coffee,2014,329.71904,44.558
862,VEN,Venezuela,Latin America and the Caribbean,Coffee,2014,63103.43542,16136.548
876,WLF,Wallis and Futuna Islands,Oceania (excl. Australia and New Zealand),Coffee,2014,28.769,2.521
882,WSM,Samoa,Oceania (excl. Australia and New Zealand),Coffee,2014,319.8870534,115.7526416
887,YEM,Yemen,Northern Africa and Western Asia,Coffee,2014,1129.278324,483.6429719
894,ZMB,Zambia,Sub-Saharan Africa,Coffee,2014,876.5665733,241.4816414
899,,"Areas, nes",,Coffee,2014,448376.2754,230416.4936
4,AFG,Afghanistan,Central and Southern Asia,Coffee,2015,439.253038,63.2368
8,ALB,Albania,Europe,Coffee,2015,24747.78326,6882.83502
10,ATA,Antarctica,,Coffee,2015,,
12,DZA,Algeria,Northern Africa and Western Asia,Coffee,2015,250206.6064,116863.6503
16,ASM,American Samoa,Oceania (excl. Australia and New Zealand),Coffee,2015,2628.556,476.504
20,AND,Andorra,Europe,Coffee,2015,5421.383875,547.6720269
24,AGO,Angola,Sub-Saharan Africa,Coffee,2015,4084.42098,628.3824282
28,ATG,Antigua and Barbuda,Latin America and the Caribbean,Coffee,2015,559.2168408,82.8289488
31,AZE,Azerbaijan,Northern Africa and Western Asia,Coffee,2015,916.2795919,106.8969492
32,ARG,Argentina,Latin America and the Caribbean,Coffee,2015,94079.2894,31491.4413
36,AUS,Australia,Australia and New Zealand,Coffee,2015,469898.8223,96068.57237
40,AUT,Austria,Europe,Coffee,2015,415556.7405,61036.9648
44,BHS,Bahamas,Latin America and the Caribbean,Coffee,2015,4437.578051,706.3214767
48,BHR,Bahrain,Northern Africa and Western Asia,Coffee,2015,4049.508412,503.9163771
50,BGD,Bangladesh,Central and Southern Asia,Coffee,2015,473.0897097,100.1253259
51,ARM,Armenia,Northern Africa and Western Asia,Coffee,2015,17230.21989,7697.087836
52,BRB,Barbados,Latin America and the Caribbean,Coffee,2015,1054.23048,173.444157
56,BEL,Belgium,Europe,Coffee,2015,1023029.997,292848.7168
60,BMU,Bermuda,Northern America,Coffee,2015,2113.763155,290.7764591
64,BTN,Bhutan,Central and Southern Asia,Coffee,2015,,
68,BOL,Bolivia,Latin America and the Caribbean,Coffee,2015,626.1959397,96.66605003
70,BIH,Bosnia Herzegovina,Europe,Coffee,2015,52518.60449,21445.13966
72,BWA,Botswana,Sub-Saharan Africa,Coffee,2015,5416.314362,1251.454902
76,BRA,Brazil,Latin America and the Caribbean,Coffee,2015,71046.19998,5046.64841
84,BLZ,Belize,Latin America and the Caribbean,Coffee,2015,2814.31013,487.2879441
90,SLB,Solomon Islands,Oceania (excl. Australia and New Zealand),Coffee,2015,2834.64884,624.8792096
92,VGB,British Virgin Islands,Latin America and the Caribbean,Coffee,2015,60.807384,7.071
96,BRN,Brunei Darussalam,Eastern and South-Eastern Asia (excl. China),Coffee,2015,571.791214,124.4767788
100,BGR,Bulgaria,Europe,Coffee,2015,129315.8913,34347.91105
104,MMR,Myanmar,Eastern and South-Eastern Asia (excl. China),Coffee,2015,3860.507862,1459.88338
108,BDI,Burundi,Sub-Saharan Africa,Coffee,2015,4.435997,4.193
112,BLR,Belarus,Europe,Coffee,2015,28361.12506,5123.065997
116,KHM,Cambodia,Eastern and South-Eastern Asia (excl. China),Coffee,2015,1507.7128,338.8812253
120,CMR,Cameroon,Sub-Saharan Africa,Coffee,2015,396.5872461,52.31063277
124,CAN,Canada,Northern America,Coffee,2015,1220200.424,231569.3896
132,CPV,Cabo Verde,Sub-Saharan Africa,Coffee,2015,1805.242887,651.2609081
136,CYM,Cayman Islands,Latin America and the Caribbean,Coffee,2015,1223.035468,135.89088
140,CAF,Central African Republic,Sub-Saharan Africa,Coffee,2015,85.171794,13.51452304
144,LKA,Sri Lanka,Central and Southern Asia,Coffee,2015,599.093271,62.38853783
148,TCD,Chad,Sub-Saharan Africa,Coffee,2015,137.7642,11.55246
152,CHL,Chile,Latin America and the Caribbean,Coffee,2015,48827.53577,15344.72186
156,CHN,China,China,Coffee,2015,216456.9664,57336.13893
162,CXR,Christmas Islands,,Coffee,2015,10.358766,2.08
170,COL,Colombia,Latin America and the Caribbean,Coffee,2015,18606.65311,6977.233626
174,COM,Comoros,Sub-Saharan Africa,Coffee,2015,63.65986764,37.2276604
178,COG,"Congo, Republic",Sub-Saharan Africa,Coffee,2015,879.8607653,169.0222586
180,COD,"Congo, Democratic Republic",Sub-Saharan Africa,Coffee,2015,906.0342066,191.3744181
184,COK,Cook Islands,Oceania (excl. Australia and New Zealand),Coffee,2015,206.012002,15.566
188,CRI,Costa Rica,Latin America and the Caribbean,Coffee,2015,17233.64547,6935.822645
191,HRV,Croatia,Europe,Coffee,2015,65756.65996,18726.64557
192,CUB,Cuba,Latin America and the Caribbean,Coffee,2015,16044.24803,5713.172936
196,CYP,Cyprus,Northern Africa and Western Asia,Coffee,2015,20680.78271,3419.648714
203,CZE,Czech Republic,Europe,Coffee,2015,527953.1061,83776.11114
204,BEN,Benin,Sub-Saharan Africa,Coffee,2015,703.9921099,409.6254059
208,DNK,Denmark,Europe,Coffee,2015,180881.3309,38712.64097
212,DMA,Dominica,Latin America and the Caribbean,Coffee,2015,200.847715,47.875755
214,DOM,Dominican Republic,Latin America and the Caribbean,Coffee,2015,61716.60591,19911.33209
218,ECU,Ecuador,Latin America and the Caribbean,Coffee,2015,57979.03715,31736.76488
222,SLV,El Salvador,Latin America and the Caribbean,Coffee,2015,3990.319345,938.1746062
226,GNQ,Equatorial Guinea,Sub-Saharan Africa,Coffee,2015,363.267877,49.285608
231,ETH,Ethiopia,Sub-Saharan Africa,Coffee,2015,984.0457297,138.1432437
232,ERI,Eritrea,Sub-Saharan Africa,Coffee,2015,104.438096,46.489
233,EST,Estonia,Europe,Coffee,2015,47578.66661,8876.423358
234,FRO,Faeroe Islands,Europe,Coffee,2015,2154.362954,273.427511
238,FLK,Falkland Islands (Malvinas),Latin America and the Caribbean,Coffee,2015,22.032254,2.737
242,FJI,Fiji,Oceania (excl. Australia and New Zealand),Coffee,2015,1679.207265,169.1748223
246,FIN,Finland,Europe,Coffee,2015,295880.971,76782.21369
251,FRA,France,Europe,Coffee,2015,2018266.723,309167.2465
258,PYF,French Polynesia,Oceania (excl. Australia and New Zealand),Coffee,2015,3149.074745,362.8275963
262,DJI,Djibouti,Sub-Saharan Africa,Coffee,2015,805.919364,274.66231
266,GAB,Gabon,Sub-Saharan Africa,Coffee,2015,849.3981368,208.4522928
268,GEO,Georgia,Northern Africa and Western Asia,Coffee,2015,24777.72634,10636.26853
270,GMB,Gambia,Sub-Saharan Africa,Coffee,2015,330.4733325,392.1688805
275,PSE,State of Palestine,Northern Africa and Western Asia,Coffee,2015,20277.61369,4858.870703
276,DEU,Germany,Europe,Coffee,2015,3428949.564,1096497.534
288,GHA,Ghana,Sub-Saharan Africa,Coffee,2015,1289.323344,335.3293266
292,GIB,Gibraltar,Europe,Coffee,2015,710.08099,79.35286
296,KIR,Kiribati,Oceania (excl. Australia and New Zealand),Coffee,2015,148.7293117,9.42067013
300,GRC,Greece,Europe,Coffee,2015,232711.0977,53021.85729
304,GRL,Greenland,Northern America,Coffee,2015,3673.343996,358.8407983
308,GRD,Grenada,Latin America and the Caribbean,Coffee,2015,337.3527624,43.15409155
316,GUM,Guam,Oceania (excl. Australia and New Zealand),Coffee,2015,376.290575,24.8908
320,GTM,Guatemala,Latin America and the Caribbean,Coffee,2015,4118.007705,2167.229729
324,GIN,Guinea,Sub-Saharan Africa,Coffee,2015,404.6994679,169.926733
328,GUY,Guyana,Latin America and the Caribbean,Coffee,2015,260.4417297,33.14999501
332,HTI,Haiti,Latin America and the Caribbean,Coffee,2015,59.358574,19.95564
340,HND,Honduras,Latin America and the Caribbean,Coffee,2015,509.6557645,99.4282587
344,HKG,"China, Hong Kong SAR",China,Coffee,2015,73030.80521,11759.1322
348,HUN,Hungary,Europe,Coffee,2015,133491.0838,29552.58209
352,ISL,Iceland,Europe,Coffee,2015,16685.94727,2766.217031
360,IDN,Indonesia,Eastern and South-Eastern Asia (excl. China),Coffee,2015,34048.77311,14083.06549
364,IRN,Iran,Central and Southern Asia,Coffee,2015,13448.39965,5021.522786
368,IRQ,Iraq,Northern Africa and Western Asia,Coffee,2015,4642.757905,608.258
372,IRL,Ireland,Europe,Coffee,2015,68875.74294,11588.96193
376,ISR,Israel,Northern Africa and Western Asia,Coffee,2015,132646.2941,33477.52333
381,ITA,Italy,Europe,Coffee,2015,1759797.562,555216.4046
384,CIV,Cote d'Ivoire,Sub-Saharan Africa,Coffee,2015,3794.16033,928.7304931
388,JAM,Jamaica,Latin America and the Caribbean,Coffee,2015,2248.600379,474.4163393
392,JPN,Japan,Eastern and South-Eastern Asia (excl. China),Coffee,2015,1553629.102,442192.5617
398,KAZ,Kazakhstan,Central and Southern Asia,Coffee,2015,4615.225886,673.8349887
400,JOR,Jordan,Northern Africa and Western Asia,Coffee,2015,74783.43666,22214.24439
404,KEN,Kenya,Sub-Saharan Africa,Coffee,2015,5523.624972,1268.189056
408,PRK,"Korea, Democratic People’s Republic",Eastern and South-Eastern Asia (excl. China),Coffee,2015,6056.639787,1706.526813
410,KOR,"Korea, Republic",Eastern and South-Eastern Asia (excl. China),Coffee,2015,512327.2038,136084.3551
414,KWT,Kuwait,Northern Africa and Western Asia,Coffee,2015,33740.95644,7183.54767
417,KGZ,Kyrgyzstan,Central and Southern Asia,Coffee,2015,396.1598129,56.53885566
418,LAO,Lao PDR,Eastern and South-Eastern Asia (excl. China),Coffee,2015,161.4693552,37.36074361
422,LBN,Lebanon,Northern Africa and Western Asia,Coffee,2015,70684.61294,26277.63039
426,LSO,Lesotho,Sub-Saharan Africa,Coffee,2015,915.507657,170.0208117
428,LVA,Latvia,Europe,Coffee,2015,64611.30172,10728.5805
430,LBR,Liberia,Sub-Saharan Africa,Coffee,2015,129.515265,23.82434
434,LBY,Libya,Northern Africa and Western Asia,Coffee,2015,33088.13165,11510.959
440,LTU,Lithuania,Europe,Coffee,2015,106211.2822,17392.1542
442,LUX,Luxembourg,Europe,Coffee,2015,108092.6761,17636.54894
446,MAC,"China, Macao SAR",China,Coffee,2015,5770.385054,1131.28297
450,MDG,Madagascar,Sub-Saharan Africa,Coffee,2015,275.9692486,79.61225692
454,MWI,Malawi,Sub-Saharan Africa,Coffee,2015,144.528843,41.34706
458,MYS,Malaysia,Eastern and South-Eastern Asia (excl. China),Coffee,2015,201006.5418,82373.31969
462,MDV,Maldives,Central and Southern Asia,Coffee,2015,5702.865645,861.7415335
466,MLI,Mali,Sub-Saharan Africa,Coffee,2015,148.62528,18.777
470,MLT,Malta,Europe,Coffee,2015,4662.515803,525.3609864
478,MRT,Mauritania,Sub-Saharan Africa,Coffee,2015,388.9640541,346.6686226
480,MUS,Mauritius,Sub-Saharan Africa,Coffee,2015,3196.123623,384.9841139
484,MEX,Mexico,Latin America and the Caribbean,Coffee,2015,191016.7988,52550.33237
490,,"Other Asia, nes",,Coffee,2015,150129.002,29101.86154
496,MNG,Mongolia,Eastern and South-Eastern Asia (excl. China),Coffee,2015,529.490852,50.253734
498,MDA,Moldova,Europe,Coffee,2015,4327.8304,647.2847081
499,MNE,Montenegro,Europe,Coffee,2015,15598.20464,6605.397839
500,MSR,Montserrat,Latin America and the Caribbean,Coffee,2015,1089.284936,71.65495
504,MAR,Morocco,Northern Africa and Western Asia,Coffee,2015,87964.20539,36941.16364
508,MOZ,Mozambique,Sub-Saharan Africa,Coffee,2015,1933.145733,281.8718542
512,OMN,Oman,Northern Africa and Western Asia,Coffee,2015,12667.13832,4553.139505
516,NAM,Namibia,Sub-Saharan Africa,Coffee,2015,7202.354168,2008.196013
520,NRU,Nauru,Oceania (excl. Australia and New Zealand),Coffee,2015,184.843074,10.39194
524,NPL,Nepal,Central and Southern Asia,Coffee,2015,579.0094881,138.367473
528,NLD,Netherlands,Europe,Coffee,2015,876902.7953,174959.1805
531,CUW,Curacao,Latin America and the Caribbean,Coffee,2015,1112.882931,136.22356
533,ABW,Aruba,Latin America and the Caribbean,Coffee,2015,3129.886425,384.9445732
534,SXM,Sint Maarten (Dutch part),Latin America and the Caribbean,Coffee,2015,256.915928,22.665
535,BES,Bonaire,Latin America and the Caribbean,Coffee,2015,143.182517,17.571
540,NCL,New Caledonia,Oceania (excl. Australia and New Zealand),Coffee,2015,3817.755908,432.7406703
548,VUT,Vanuatu,Oceania (excl. Australia and New Zealand),Coffee,2015,139.920336,25.5214
554,NZL,New Zealand,Australia and New Zealand,Coffee,2015,66677.74515,13845.92331
558,NIC,Nicaragua,Latin America and the Caribbean,Coffee,2015,2185.0928,1072.471758
562,NER,Niger,Sub-Saharan Africa,Coffee,2015,104.5198584,85.9210117
566,NGA,Nigeria,Sub-Saharan Africa,Coffee,2015,3625.896646,736.5441432
568,,"Other Europe, nes",,Coffee,2015,20.015434,2.976279
570,NIU,Niue,Oceania (excl. Australia and New Zealand),Coffee,2015,7.656501,0.481
574,NFK,Norfolk Islands,Australia and New Zealand,Coffee,2015,7.594697,0.174
577,,"Other Africa, nes",,Coffee,2015,10.43006,1.631
579,NOR,Norway,Europe,Coffee,2015,211441.3993,45129.88294
580,MNP,Northern Mariana Islands,Oceania (excl. Australia and New Zealand),Coffee,2015,0.09,0.1
581,UMI,United States Minor Outlying Islands,,Coffee,2015,8.082,0.315
583,FSM,Micronesia,Oceania (excl. Australia and New Zealand),Coffee,2015,3.66731,0.84
584,MHL,Marshall Islands,Oceania (excl. Australia and New Zealand),Coffee,2015,46.419088,4.55
585,PLW,Palau,Oceania (excl. Australia and New Zealand),Coffee,2015,601.9170067,209.8977044
586,PAK,Pakistan,Central and Southern Asia,Coffee,2015,1282.307906,220.0516055
591,PAN,Panama,Latin America and the Caribbean,Coffee,2015,14684.01888,3989.931623
598,PNG,Papua New Guinea,Oceania (excl. Australia and New Zealand),Coffee,2015,799.409847,154.034
600,PRY,Paraguay,Latin America and the Caribbean,Coffee,2015,2146.944059,521.9632638
604,PER,Peru,Latin America and the Caribbean,Coffee,2015,4004.207643,367.9292221
608,PHL,Philippines,Eastern and South-Eastern Asia (excl. China),Coffee,2015,59588.23694,25964.73162
616,POL,Poland,Europe,Coffee,2015,587885.4492,161576.3551
620,PRT,Portugal,Europe,Coffee,2015,234101.1937,54503.75618
624,GNB,Guinea-Bissau,Sub-Saharan Africa,Coffee,2015,95.4418105,18.5881506
626,TLS,Timor-Leste,Eastern and South-Eastern Asia (excl. China),Coffee,2015,1670.556795,578.684
634,QAT,Qatar,Northern Africa and Western Asia,Coffee,2015,14406.56726,2352.826903
642,ROU,Romania,Europe,Coffee,2015,188947.8626,42976.31682
643,RUS,Russian Federation,Europe,Coffee,2015,499987.5992,153889.6314
646,RWA,Rwanda,Sub-Saharan Africa,Coffee,2015,81.32749498,33.2749923
652,BLM,Saint-Barthelemy,Latin America and the Caribbean,Coffee,2015,238.497721,20.864
654,SHN,Saint Helena,Sub-Saharan Africa,Coffee,2015,2.57794,0.4464
659,KNA,Saint Kitts and Nevis,Latin America and the Caribbean,Coffee,2015,199.672131,18.1778454
660,AIA,Anguilla,Latin America and the Caribbean,Coffee,2015,0.184184,0.017
662,LCA,Saint Lucia,Latin America and the Caribbean,Coffee,2015,700.528105,63.58166448
666,SPM,Saint Pierre and Miquelon,Northern America,Coffee,2015,88.059254,9.089
670,VCT,Saint Vincent and the Grenadines,Latin America and the Caribbean,Coffee,2015,132.9471293,15.24889621
674,SMR,San Marino,Europe,Coffee,2015,600.54483,15.343
678,STP,Sao Tome and Principe,Sub-Saharan Africa,Coffee,2015,64.29758498,6.021738106
682,SAU,Saudi Arabia,Northern Africa and Western Asia,Coffee,2015,206767.213,59039.30677
686,SEN,Senegal,Sub-Saharan Africa,Coffee,2015,3338.863984,2509.860448
688,SRB,Serbia,Europe,Coffee,2015,69287.86943,25934.74388
690,SYC,Seychelles,Sub-Saharan Africa,Coffee,2015,480.2319947,58.16853855
694,SLE,Sierra Leone,Sub-Saharan Africa,Coffee,2015,2730.324244,68.05807688
699,IND,India,Central and Southern Asia,Coffee,2015,114926.5221,62619.06132
702,SGP,Singapore,Eastern and South-Eastern Asia (excl. China),Coffee,2015,78295.05371,18937.22891
703,SVK,Slovakia,Europe,Coffee,2015,376588.3585,57184.78127
704,VNM,Vietnam,Eastern and South-Eastern Asia (excl. China),Coffee,2015,42328.25017,14380.82455
705,SVN,Slovenia,Europe,Coffee,2015,87744.39176,30577.01164
706,SOM,Somalia,Sub-Saharan Africa,Coffee,2015,278.446228,794.5083
710,ZAF,South Africa,Sub-Saharan Africa,Coffee,2015,86983.45746,24260.3008
716,ZWE,Zimbabwe,Sub-Saharan Africa,Coffee,2015,591.399252,146.46074
724,ESP,Spain,Europe,Coffee,2015,1027873.144,294516.508
728,SSD,South Sudan,Sub-Saharan Africa,Coffee,2015,413.30568,205.051
729,SDN,Sudan,Northern Africa and Western Asia,Coffee,2015,80033.5452,45452.11432
740,SUR,Suriname,Latin America and the Caribbean,Coffee,2015,640.7316829,90.8240521
748,SWZ,Eswatini,Sub-Saharan Africa,Coffee,2015,3190.154384,1005.959443
752,SWE,Sweden,Europe,Coffee,2015,465099.4438,111532.9809
757,CHE,Switzerland,Europe,Coffee,2015,596725.7793,124254.5622
760,SYR,Syria,Northern Africa and Western Asia,Coffee,2015,53003.71988,23630.027
762,TJK,Tajikistan,Central and Southern Asia,Coffee,2015,60.013917,7.322
764,THA,Thailand,Eastern and South-Eastern Asia (excl. China),Coffee,2015,111738.5089,54825.29682
768,TGO,Togo,Sub-Saharan Africa,Coffee,2015,304.9882943,105.2490168
772,TKL,Tokelau,Oceania (excl. Australia and New Zealand),Coffee,2015,137.447911,15.073
776,TON,Tonga,Oceania (excl. Australia and New Zealand),Coffee,2015,93.707355,11.34749
780,TTO,Trinidad and Tobago,Latin America and the Caribbean,Coffee,2015,1381.779067,361.4645667
784,ARE,United Arab Emirates,Northern Africa and Western Asia,Coffee,2015,90747.67346,16009.41869
788,TUN,Tunisia,Northern Africa and Western Asia,Coffee,2015,48790.3249,22110.54422
792,TUR,Turkey,Northern Africa and Western Asia,Coffee,2015,154500.5585,51429.38811
795,TKM,Turkmenistan,Central and Southern Asia,Coffee,2015,308.013137,52.553
796,TCA,Turks and Caicos Islands,Latin America and the Caribbean,Coffee,2015,165.149914,14.345
798,TUV,Tuvalu,Oceania (excl. Australia and New Zealand),Coffee,2015,13.908598,2.2806
800,UGA,Uganda,Sub-Saharan Africa,Coffee,2015,16010.62236,11347.71182
804,UKR,Ukraine,Europe,Coffee,2015,92738.52071,25329.90023
807,MKD,North Macedonia,Europe,Coffee,2015,21127.0201,7184.06461
818,EGY,Egypt,Northern Africa and Western Asia,Coffee,2015,83204.42673,25629.07432
826,GBR,United Kingdom,Europe,Coffee,2015,915500.7891,205138.0917
834,TZA,Tanzania,Sub-Saharan Africa,Coffee,2015,345.0456771,158.2328304
837,,Bunkers,,Coffee,2015,1996.499079,284.988752
838,,Free Zones,,Coffee,2015,3164.234135,1142.333597
839,,Special Categories,,Coffee,2015,26.96956,6.28268
842,USA,United States,Northern America,Coffee,2015,5837378.443,1542753.8
854,BFA,Burkina Faso,Sub-Saharan Africa,Coffee,2015,382.5392188,557.9910321
858,URY,Uruguay,Latin America and the Caribbean,Coffee,2015,5428.839965,1294.698671
860,UZB,Uzbekistan,Central and Southern Asia,Coffee,2015,376.27861,63.528
862,VEN,Venezuela,Latin America and the Caribbean,Coffee,2015,120681.9334,34011.15171
876,WLF,Wallis and Futuna Islands,Oceania (excl. Australia and New Zealand),Coffee,2015,34.093,5.826
882,WSM,Samoa,Oceania (excl. Australia and New Zealand),Coffee,2015,373.9234197,111.8728963
887,YEM,Yemen,Northern Africa and Western Asia,Coffee,2015,1901.428602,1243.420861
894,ZMB,Zambia,Sub-Saharan Africa,Coffee,2015,1099.657113,289.4576775
899,,"Areas, nes",,Coffee,2015,182451.7718,99828.65993
4,AFG,Afghanistan,Central and Southern Asia,Coffee,2016,155.188123,18.06971
8,ALB,Albania,Europe,Coffee,2016,27013.16294,7660.437334
10,ATA,Antarctica,,Coffee,2016,,
12,DZA,Algeria,Northern Africa and Western Asia,Coffee,2016,272988.8134,135688.287
16,ASM,American Samoa,Oceania (excl. Australia and New Zealand),Coffee,2016,978.53,307.2
20,AND,Andorra,Europe,Coffee,2016,5866.758358,590.7055295
24,AGO,Angola,Sub-Saharan Africa,Coffee,2016,3538.79648,573.1416335
28,ATG,Antigua and Barbuda,Latin America and the Caribbean,Coffee,2016,805.3271686,229.2600096
31,AZE,Azerbaijan,Northern Africa and Western Asia,Coffee,2016,1245.813258,120.94774
32,ARG,Argentina,Latin America and the Caribbean,Coffee,2016,81124.22926,26602.49227
36,AUS,Australia,Australia and New Zealand,Coffee,2016,444239.2442,95446.37789
40,AUT,Austria,Europe,Coffee,2016,408992.9342,63211.685
44,BHS,Bahamas,Latin America and the Caribbean,Coffee,2016,3825.126894,540.9012319
48,BHR,Bahrain,Northern Africa and Western Asia,Coffee,2016,4796.960461,648.687092
50,BGD,Bangladesh,Central and Southern Asia,Coffee,2016,412.882601,77.41652
51,ARM,Armenia,Northern Africa and Western Asia,Coffee,2016,17303.45762,7737.954953
52,BRB,Barbados,Latin America and the Caribbean,Coffee,2016,1031.676177,137.3965349
56,BEL,Belgium,Europe,Coffee,2016,1040466.175,321423.002
60,BMU,Bermuda,Northern America,Coffee,2016,1568.666685,224.9518517
68,BOL,Bolivia,Latin America and the Caribbean,Coffee,2016,437.8488086,67.31511677
70,BIH,Bosnia Herzegovina,Europe,Coffee,2016,52284.53746,20992.66654
72,BWA,Botswana,Sub-Saharan Africa,Coffee,2016,4784.50205,1060.007593
76,BRA,Brazil,Latin America and the Caribbean,Coffee,2016,58411.55885,3521.412813
84,BLZ,Belize,Latin America and the Caribbean,Coffee,2016,3331.932775,939.6730312
90,SLB,Solomon Islands,Oceania (excl. Australia and New Zealand),Coffee,2016,3201.855209,477.7202859
92,VGB,British Virgin Islands,Latin America and the Caribbean,Coffee,2016,107.060593,11.113
96,BRN,Brunei Darussalam,Eastern and South-Eastern Asia (excl. China),Coffee,2016,757.1540131,122.5817187
100,BGR,Bulgaria,Europe,Coffee,2016,115673.9835,36061.87966
104,MMR,Myanmar,Eastern and South-Eastern Asia (excl. China),Coffee,2016,8199.069514,1771.808901
108,BDI,Burundi,Sub-Saharan Africa,Coffee,2016,11.14881427,5.412
112,BLR,Belarus,Europe,Coffee,2016,28128.65805,5668.2827
116,KHM,Cambodia,Eastern and South-Eastern Asia (excl. China),Coffee,2016,2771.366996,818.7880301
120,CMR,Cameroon,Sub-Saharan Africa,Coffee,2016,111.4036204,36.16722344
124,CAN,Canada,Northern America,Coffee,2016,1272955.791,266084.4278
132,CPV,Cabo Verde,Sub-Saharan Africa,Coffee,2016,1863.273299,687.2908734
136,CYM,Cayman Islands,Latin America and the Caribbean,Coffee,2016,1449.296839,237.22264
140,CAF,Central African Republic,Sub-Saharan Africa,Coffee,2016,79.182099,13.25
144,LKA,Sri Lanka,Central and Southern Asia,Coffee,2016,722.8527018,99.46465622
148,TCD,Chad,Sub-Saharan Africa,Coffee,2016,105.774,11.533
152,CHL,Chile,Latin America and the Caribbean,Coffee,2016,51419.69979,16798.86765
156,CHN,China,China,Coffee,2016,448100.441,80898.66758
162,CXR,Christmas Islands,,Coffee,2016,5.04062,0.59396
166,CCK,Cocos Islands,,Coffee,2016,6.626,0.55
170,COL,Colombia,Latin America and the Caribbean,Coffee,2016,16165.89813,11530.81674
174,COM,Comoros,Sub-Saharan Africa,Coffee,2016,217.7585785,105.3443299
178,COG,"Congo, Republic",Sub-Saharan Africa,Coffee,2016,561.4213084,149.4393842
180,COD,"Congo, Democratic Republic",Sub-Saharan Africa,Coffee,2016,552.6866918,90.4695214
184,COK,Cook Islands,Oceania (excl. Australia and New Zealand),Coffee,2016,176.29376,15.318
188,CRI,Costa Rica,Latin America and the Caribbean,Coffee,2016,17405.80424,8617.613641
191,HRV,Croatia,Europe,Coffee,2016,76258.73641,22941.10156
192,CUB,Cuba,Latin America and the Caribbean,Coffee,2016,30849.69598,10919.63634
196,CYP,Cyprus,Northern Africa and Western Asia,Coffee,2016,24660.32704,4187.830125
203,CZE,Czech Republic,Europe,Coffee,2016,381052.879,64350.20092
204,BEN,Benin,Sub-Saharan Africa,Coffee,2016,594.37927,415.9257197
208,DNK,Denmark,Europe,Coffee,2016,175908.1013,42340.98276
212,DMA,Dominica,Latin America and the Caribbean,Coffee,2016,164.945811,36.5958113
214,DOM,Dominican Republic,Latin America and the Caribbean,Coffee,2016,41420.37711,17259.48841
218,ECU,Ecuador,Latin America and the Caribbean,Coffee,2016,64543.4086,36814.46307
222,SLV,El Salvador,Latin America and the Caribbean,Coffee,2016,5009.214844,1982.468767
226,GNQ,Equatorial Guinea,Sub-Saharan Africa,Coffee,2016,339.391642,42.454971
231,ETH,Ethiopia,Sub-Saharan Africa,Coffee,2016,588.844569,75.1138743
232,ERI,Eritrea,Sub-Saharan Africa,Coffee,2016,1.2372,0.135
233,EST,Estonia,Europe,Coffee,2016,49530.38652,9690.921846
234,FRO,Faeroe Islands,Europe,Coffee,2016,2713.957691,355.280948
238,FLK,Falkland Islands (Malvinas),Latin America and the Caribbean,Coffee,2016,26.17,2.125
242,FJI,Fiji,Oceania (excl. Australia and New Zealand),Coffee,2016,2209.118268,270.8128885
246,FIN,Finland,Europe,Coffee,2016,273615.5217,78938.57968
251,FRA,France,Europe,Coffee,2016,2063459.08,324549.4839
258,PYF,French Polynesia,Oceania (excl. Australia and New Zealand),Coffee,2016,3190.175531,282.199395
262,DJI,Djibouti,Sub-Saharan Africa,Coffee,2016,390.088702,152.878
266,GAB,Gabon,Sub-Saharan Africa,Coffee,2016,862.8036467,249.5094285
268,GEO,Georgia,Northern Africa and Western Asia,Coffee,2016,23842.43672,10483.8821
270,GMB,Gambia,Sub-Saharan Africa,Coffee,2016,977.8781841,728.1009737
275,PSE,State of Palestine,Northern Africa and Western Asia,Coffee,2016,17947.75412,4106.693262
276,DEU,Germany,Europe,Coffee,2016,3426429.258,1194805.476
288,GHA,Ghana,Sub-Saharan Africa,Coffee,2016,815.1127321,255.9710743
292,GIB,Gibraltar,Europe,Coffee,2016,845.080268,105.07188
296,KIR,Kiribati,Oceania (excl. Australia and New Zealand),Coffee,2016,247.950082,14.05508
300,GRC,Greece,Europe,Coffee,2016,290344.6895,70749.87283
304,GRL,Greenland,Northern America,Coffee,2016,4125.450505,425.9941415
308,GRD,Grenada,Latin America and the Caribbean,Coffee,2016,258.5131346,35.22128043
316,GUM,Guam,Oceania (excl. Australia and New Zealand),Coffee,2016,514.124115,35.51352
320,GTM,Guatemala,Latin America and the Caribbean,Coffee,2016,3877.865245,2272.855108
324,GIN,Guinea,Sub-Saharan Africa,Coffee,2016,655.3912051,213.0497433
328,GUY,Guyana,Latin America and the Caribbean,Coffee,2016,155.4349003,18.44138528
332,HTI,Haiti,Latin America and the Caribbean,Coffee,2016,177.200264,74.49165
340,HND,Honduras,Latin America and the Caribbean,Coffee,2016,379.9511483,84.88285494
344,HKG,"China, Hong Kong SAR",China,Coffee,2016,308228.0928,37169.6596
348,HUN,Hungary,Europe,Coffee,2016,116249.8425,27321.83282
352,ISL,Iceland,Europe,Coffee,2016,17754.03408,2893.130527
360,IDN,Indonesia,Eastern and South-Eastern Asia (excl. China),Coffee,2016,47653.96994,24042.98111
364,IRN,Iran,Central and Southern Asia,Coffee,2016,15950.77375,5943.367595
368,IRQ,Iraq,Northern Africa and Western Asia,Coffee,2016,4378.180314,616.7905
372,IRL,Ireland,Europe,Coffee,2016,75659.55537,14432.99214
376,ISR,Israel,Northern Africa and Western Asia,Coffee,2016,121682.3821,25219.67169
381,ITA,Italy,Europe,Coffee,2016,1694103.74,609399.2678
384,CIV,Cote d'Ivoire,Sub-Saharan Africa,Coffee,2016,2529.520634,414.2745937
388,JAM,Jamaica,Latin America and the Caribbean,Coffee,2016,1942.47121,511.328999
392,JPN,Japan,Eastern and South-Eastern Asia (excl. China),Coffee,2016,1417221.992,446800.0003
398,KAZ,Kazakhstan,Central and Southern Asia,Coffee,2016,5020.098234,825.3964646
400,JOR,Jordan,Northern Africa and Western Asia,Coffee,2016,71218.6286,22864.63286
404,KEN,Kenya,Sub-Saharan Africa,Coffee,2016,3705.385197,1095.563489
408,PRK,"Korea, Democratic People’s Republic",Eastern and South-Eastern Asia (excl. China),Coffee,2016,9965.729622,3809.176
410,KOR,"Korea, Republic",Eastern and South-Eastern Asia (excl. China),Coffee,2016,552535.2212,153709.4354
414,KWT,Kuwait,Northern Africa and Western Asia,Coffee,2016,32562.93377,7650.322516
417,KGZ,Kyrgyzstan,Central and Southern Asia,Coffee,2016,320.762691,48.15853971
418,LAO,Lao PDR,Eastern and South-Eastern Asia (excl. China),Coffee,2016,400.3915808,70.67037973
422,LBN,Lebanon,Northern Africa and Western Asia,Coffee,2016,64407.49534,25839.2433
426,LSO,Lesotho,Sub-Saharan Africa,Coffee,2016,830.753535,216.860568
428,LVA,Latvia,Europe,Coffee,2016,56747.78158,10005.23727
430,LBR,Liberia,Sub-Saharan Africa,Coffee,2016,88.171127,19.3515
434,LBY,Libya,Northern Africa and Western Asia,Coffee,2016,21837.40233,9347.709148
440,LTU,Lithuania,Europe,Coffee,2016,110780.0096,18896.82347
442,LUX,Luxembourg,Europe,Coffee,2016,107663.054,18222.10627
446,MAC,"China, Macao SAR",China,Coffee,2016,5426.142327,1081.217435
450,MDG,Madagascar,Sub-Saharan Africa,Coffee,2016,320.5744981,80.56582359
454,MWI,Malawi,Sub-Saharan Africa,Coffee,2016,146.6814742,49.90957605
458,MYS,Malaysia,Eastern and South-Eastern Asia (excl. China),Coffee,2016,194006.9558,87673.64511
462,MDV,Maldives,Central and Southern Asia,Coffee,2016,4948.794349,424.7827033
466,MLI,Mali,Sub-Saharan Africa,Coffee,2016,926.2748589,789.7908889
470,MLT,Malta,Europe,Coffee,2016,4569.143813,478.382634
478,MRT,Mauritania,Sub-Saharan Africa,Coffee,2016,271.7771418,368.2877914
480,MUS,Mauritius,Sub-Saharan Africa,Coffee,2016,4600.735799,687.4389952
484,MEX,Mexico,Latin America and the Caribbean,Coffee,2016,206548.1783,75139.7521
490,,"Other Asia, nes",,Coffee,2016,147897.5568,30612.89088
496,MNG,Mongolia,Eastern and South-Eastern Asia (excl. China),Coffee,2016,730.119658,76.4518658
498,MDA,Moldova,Europe,Coffee,2016,4952.640763,777.8937042
499,MNE,Montenegro,Europe,Coffee,2016,15850.65532,5979.363728
500,MSR,Montserrat,Latin America and the Caribbean,Coffee,2016,1006.310047,64.10841
504,MAR,Morocco,Northern Africa and Western Asia,Coffee,2016,81971.51779,36068.52834
508,MOZ,Mozambique,Sub-Saharan Africa,Coffee,2016,1620.131237,329.9581213
512,OMN,Oman,Northern Africa and Western Asia,Coffee,2016,10995.77644,4045.293205
516,NAM,Namibia,Sub-Saharan Africa,Coffee,2016,6910.023341,1836.137936
520,NRU,Nauru,Oceania (excl. Australia and New Zealand),Coffee,2016,213.56855,12.0078
524,NPL,Nepal,Central and Southern Asia,Coffee,2016,641.7363115,162.4343024
528,NLD,Netherlands,Europe,Coffee,2016,924953.0424,200569.3327
531,CUW,Curacao,Latin America and the Caribbean,Coffee,2016,1298.857208,161.19894
533,ABW,Aruba,Latin America and the Caribbean,Coffee,2016,3026.60614,355.2352004
534,SXM,Sint Maarten (Dutch part),Latin America and the Caribbean,Coffee,2016,469.917078,43.365
535,BES,Bonaire,Latin America and the Caribbean,Coffee,2016,234.158352,42.39
540,NCL,New Caledonia,Oceania (excl. Australia and New Zealand),Coffee,2016,3374.540418,306.601
548,VUT,Vanuatu,Oceania (excl. Australia and New Zealand),Coffee,2016,135.487935,23.357
554,NZL,New Zealand,Australia and New Zealand,Coffee,2016,64202.75916,13290.39059
558,NIC,Nicaragua,Latin America and the Caribbean,Coffee,2016,3909.518098,2114.510346
562,NER,Niger,Sub-Saharan Africa,Coffee,2016,142.7403495,51.97376076
566,NGA,Nigeria,Sub-Saharan Africa,Coffee,2016,5045.716608,1056.029868
568,,"Other Europe, nes",,Coffee,2016,6.060865,3.578
570,NIU,Niue,Oceania (excl. Australia and New Zealand),Coffee,2016,19.295545,0.715
574,NFK,Norfolk Islands,Australia and New Zealand,Coffee,2016,981.780458,327.027
577,,"Other Africa, nes",,Coffee,2016,71.617699,10.244
579,NOR,Norway,Europe,Coffee,2016,195924.6801,43940.6492
580,MNP,Northern Mariana Islands,Oceania (excl. Australia and New Zealand),Coffee,2016,51.25883,8.119
583,FSM,Micronesia,Oceania (excl. Australia and New Zealand),Coffee,2016,7.696097,0.66
584,MHL,Marshall Islands,Oceania (excl. Australia and New Zealand),Coffee,2016,75.417297,8.5395
585,PLW,Palau,Oceania (excl. Australia and New Zealand),Coffee,2016,633.9017999,260.9139066
586,PAK,Pakistan,Central and Southern Asia,Coffee,2016,1505.414445,244.0727222
591,PAN,Panama,Latin America and the Caribbean,Coffee,2016,13449.39165,3853.333687
598,PNG,Papua New Guinea,Oceania (excl. Australia and New Zealand),Coffee,2016,1044.8589,111.203
600,PRY,Paraguay,Latin America and the Caribbean,Coffee,2016,2652.962105,783.9568249
604,PER,Peru,Latin America and the Caribbean,Coffee,2016,3744.570088,336.2844085
608,PHL,Philippines,Eastern and South-Eastern Asia (excl. China),Coffee,2016,83327.323,42669.48618
616,POL,Poland,Europe,Coffee,2016,550034.8098,160600.3856
620,PRT,Portugal,Europe,Coffee,2016,243120.7686,59274.09878
624,GNB,Guinea-Bissau,Sub-Saharan Africa,Coffee,2016,77.6924134,13.3593967
626,TLS,Timor-Leste,Eastern and South-Eastern Asia (excl. China),Coffee,2016,1317.853648,429.174
634,QAT,Qatar,Northern Africa and Western Asia,Coffee,2016,14803.58262,2174.997654
642,ROU,Romania,Europe,Coffee,2016,214896.0018,49381.08365
643,RUS,Russian Federation,Europe,Coffee,2016,504653.4236,170773.639
646,RWA,Rwanda,Sub-Saharan Africa,Coffee,2016,254.4925595,154.0213852
652,BLM,Saint-Barthelemy,Latin America and the Caribbean,Coffee,2016,174.298519,16.208
654,SHN,Saint Helena,Sub-Saharan Africa,Coffee,2016,17.738121,4.83889
659,KNA,Saint Kitts and Nevis,Latin America and the Caribbean,Coffee,2016,253.491906,42.3451495
660,AIA,Anguilla,Latin America and the Caribbean,Coffee,2016,3.817636,0.246
662,LCA,Saint Lucia,Latin America and the Caribbean,Coffee,2016,557.5194768,58.61163955
666,SPM,Saint Pierre and Miquelon,Northern America,Coffee,2016,94.019698,9.611
670,VCT,Saint Vincent and the Grenadines,Latin America and the Caribbean,Coffee,2016,114.9661807,21.39362152
674,SMR,San Marino,Europe,Coffee,2016,669.240016,22.358
678,STP,Sao Tome and Principe,Sub-Saharan Africa,Coffee,2016,75.54049618,7.385634811
682,SAU,Saudi Arabia,Northern Africa and Western Asia,Coffee,2016,170548.9439,48754.93953
686,SEN,Senegal,Sub-Saharan Africa,Coffee,2016,6337.209708,5069.702876
688,SRB,Serbia,Europe,Coffee,2016,78810.9219,32116.08354
690,SYC,Seychelles,Sub-Saharan Africa,Coffee,2016,578.8180631,77.72235817
694,SLE,Sierra Leone,Sub-Saharan Africa,Coffee,2016,763.9912994,160.4585984
699,IND,India,Central and Southern Asia,Coffee,2016,122322.7836,74327.48967
702,SGP,Singapore,Eastern and South-Eastern Asia (excl. China),Coffee,2016,69714.04184,16644.53219
703,SVK,Slovakia,Europe,Coffee,2016,275122.8149,47646.82267
704,VNM,Vietnam,Eastern and South-Eastern Asia (excl. China),Coffee,2016,105482.2552,33790.73678
705,SVN,Slovenia,Europe,Coffee,2016,94995.58815,34457.13077
706,SOM,Somalia,Sub-Saharan Africa,Coffee,2016,116.627968,47.561
710,ZAF,South Africa,Sub-Saharan Africa,Coffee,2016,78359.43982,24651.26489
716,ZWE,Zimbabwe,Sub-Saharan Africa,Coffee,2016,255.5059752,44.49237841
724,ESP,Spain,Europe,Coffee,2016,977494.8745,302498.6154
728,SSD,South Sudan,Sub-Saharan Africa,Coffee,2016,651.88197,405.172
729,SDN,Sudan,Northern Africa and Western Asia,Coffee,2016,52486.1954,23645.80838
740,SUR,Suriname,Latin America and the Caribbean,Coffee,2016,296.692192,53.662353
748,SWZ,Eswatini,Sub-Saharan Africa,Coffee,2016,1465.812883,418.5840808
752,SWE,Sweden,Europe,Coffee,2016,456160.7688,122094.2348
757,CHE,Switzerland,Europe,Coffee,2016,587434.5333,138521.6784
760,SYR,Syria,Northern Africa and Western Asia,Coffee,2016,51967.19378,23567.99001
762,TJK,Tajikistan,Central and Southern Asia,Coffee,2016,142.9168485,24.62739599
764,THA,Thailand,Eastern and South-Eastern Asia (excl. China),Coffee,2016,91924.21173,43631.65989
768,TGO,Togo,Sub-Saharan Africa,Coffee,2016,1440.102751,471.2636623
776,TON,Tonga,Oceania (excl. Australia and New Zealand),Coffee,2016,8.892449,0.98
780,TTO,Trinidad and Tobago,Latin America and the Caribbean,Coffee,2016,1272.755872,327.3827619
784,ARE,United Arab Emirates,Northern Africa and Western Asia,Coffee,2016,91843.88871,15528.17664
788,TUN,Tunisia,Northern Africa and Western Asia,Coffee,2016,44329.83201,22636.45608
792,TUR,Turkey,Northern Africa and Western Asia,Coffee,2016,147967.3328,49720.87771
795,TKM,Turkmenistan,Central and Southern Asia,Coffee,2016,538.443997,130.47591
796,TCA,Turks and Caicos Islands,Latin America and the Caribbean,Coffee,2016,256.963238,24.321
798,TUV,Tuvalu,Oceania (excl. Australia and New Zealand),Coffee,2016,18.045753,2.2194
800,UGA,Uganda,Sub-Saharan Africa,Coffee,2016,8784.22376,9447.846472
804,UKR,Ukraine,Europe,Coffee,2016,103393.2547,32163.70521
807,MKD,North Macedonia,Europe,Coffee,2016,22219.86846,7962.159661
818,EGY,Egypt,Northern Africa and Western Asia,Coffee,2016,87028.53357,30485.43942
826,GBR,United Kingdom,Europe,Coffee,2016,1057365.897,239571.7294
834,TZA,Tanzania,Sub-Saharan Africa,Coffee,2016,563.7634353,201.9269304
837,,Bunkers,,Coffee,2016,3009.720171,437.150837
838,,Free Zones,,Coffee,2016,3673.70661,1314.345838
839,,Special Categories,,Coffee,2016,80.190379,15.326
842,USA,United States,Northern America,Coffee,2016,5605873.385,1602579.043
854,BFA,Burkina Faso,Sub-Saharan Africa,Coffee,2016,268.5938181,206.7424648
858,URY,Uruguay,Latin America and the Caribbean,Coffee,2016,4863.404528,1282.269947
860,UZB,Uzbekistan,Central and Southern Asia,Coffee,2016,614.015902,81.32166
862,VEN,Venezuela,Latin America and the Caribbean,Coffee,2016,17524.57843,5733.190746
876,WLF,Wallis and Futuna Islands,Oceania (excl. Australia and New Zealand),Coffee,2016,17.248,1.559
882,WSM,Samoa,Oceania (excl. Australia and New Zealand),Coffee,2016,505.4672961,209.0037636
887,YEM,Yemen,Northern Africa and Western Asia,Coffee,2016,451.893318,283.93
894,ZMB,Zambia,Sub-Saharan Africa,Coffee,2016,943.995322,249.8488212
899,,"Areas, nes",,Coffee,2016,110424.9901,60840.32336
4,AFG,Afghanistan,Central and Southern Asia,Coffee,2017,403.029666,78.785
8,ALB,Albania,Europe,Coffee,2017,24082.30565,5338.269733
10,ATA,Antarctica,,Coffee,2017,,
12,DZA,Algeria,Northern Africa and Western Asia,Coffee,2017,299599.9309,127992.0332
16,ASM,American Samoa,Oceania (excl. Australia and New Zealand),Coffee,2017,,
20,AND,Andorra,Europe,Coffee,2017,6159.693698,486.0748039
24,AGO,Angola,Sub-Saharan Africa,Coffee,2017,5142.2817,1147.942681
28,ATG,Antigua and Barbuda,Latin America and the Caribbean,Coffee,2017,591.7967676,73.40809812
31,AZE,Azerbaijan,Northern Africa and Western Asia,Coffee,2017,1668.950547,258.3099371
32,ARG,Argentina,Latin America and the Caribbean,Coffee,2017,110511.3616,30893.16132
36,AUS,Australia,Australia and New Zealand,Coffee,2017,506197.8399,103542.1453
40,AUT,Austria,Europe,Coffee,2017,416498.0572,63587.28804
44,BHS,Bahamas,Latin America and the Caribbean,Coffee,2017,4540.236587,533.4103796
48,BHR,Bahrain,Northern Africa and Western Asia,Coffee,2017,6362.603773,747.1904198
50,BGD,Bangladesh,Central and Southern Asia,Coffee,2017,726.38749,155.91644
51,ARM,Armenia,Northern Africa and Western Asia,Coffee,2017,17554.91216,7213.349783
52,BRB,Barbados,Latin America and the Caribbean,Coffee,2017,1366.835295,246.5895105
56,BEL,Belgium,Europe,Coffee,2017,1172668.464,319654.4002
60,BMU,Bermuda,Northern America,Coffee,2017,2048.284817,274.2864023
64,BTN,Bhutan,Central and Southern Asia,Coffee,2017,1.322282,0.425
68,BOL,Bolivia,Latin America and the Caribbean,Coffee,2017,692.2881524,94.75525237
70,BIH,Bosnia Herzegovina,Europe,Coffee,2017,63911.40094,22553.02317
72,BWA,Botswana,Sub-Saharan Africa,Coffee,2017,5740.429546,1198.2071
76,BRA,Brazil,Latin America and the Caribbean,Coffee,2017,74267.56677,3872.082385
84,BLZ,Belize,Latin America and the Caribbean,Coffee,2017,1350.304272,838.5247279
90,SLB,Solomon Islands,Oceania (excl. Australia and New Zealand),Coffee,2017,2540.477541,335.3862238
92,VGB,British Virgin Islands,Latin America and the Caribbean,Coffee,2017,40.088047,4.468
96,BRN,Brunei Darussalam,Eastern and South-Eastern Asia (excl. China),Coffee,2017,1165.815562,184.2303526
100,BGR,Bulgaria,Europe,Coffee,2017,131421.7042,33871.18031
104,MMR,Myanmar,Eastern and South-Eastern Asia (excl. China),Coffee,2017,1567.351007,1516.174628
108,BDI,Burundi,Sub-Saharan Africa,Coffee,2017,25.805849,12.97585
112,BLR,Belarus,Europe,Coffee,2017,36694.42831,6998.32885
116,KHM,Cambodia,Eastern and South-Eastern Asia (excl. China),Coffee,2017,3780.089858,705.9460658
120,CMR,Cameroon,Sub-Saharan Africa,Coffee,2017,275.485087,87.15317104
124,CAN,Canada,Northern America,Coffee,2017,1291586.872,255516.7776
132,CPV,Cabo Verde,Sub-Saharan Africa,Coffee,2017,2460.843433,787.6488669
136,CYM,Cayman Islands,Latin America and the Caribbean,Coffee,2017,1185.654586,218.52099
140,CAF,Central African Republic,Sub-Saharan Africa,Coffee,2017,79.59769,16.6896438
144,LKA,Sri Lanka,Central and Southern Asia,Coffee,2017,813.7351203,185.2583436
148,TCD,Chad,Sub-Saharan Africa,Coffee,2017,83.84031,10.849
152,CHL,Chile,Latin America and the Caribbean,Coffee,2017,61922.76075,16739.13252
156,CHN,China,China,Coffee,2017,283066.5427,69893.07802
162,CXR,Christmas Islands,,Coffee,2017,2.605735,0.168
170,COL,Colombia,Latin America and the Caribbean,Coffee,2017,30320.57938,21471.03427
174,COM,Comoros,Sub-Saharan Africa,Coffee,2017,105.6412048,57.43589675
178,COG,"Congo, Republic",Sub-Saharan Africa,Coffee,2017,569.9831062,153.9439011
180,COD,"Congo, Democratic Republic",Sub-Saharan Africa,Coffee,2017,467.9843943,119.2582052
184,COK,Cook Islands,Oceania (excl. Australia and New Zealand),Coffee,2017,181.242603,18.405
188,CRI,Costa Rica,Latin America and the Caribbean,Coffee,2017,14541.38215,6798.619009
191,HRV,Croatia,Europe,Coffee,2017,75966.93368,21196.8942
192,CUB,Cuba,Latin America and the Caribbean,Coffee,2017,28681.3806,9046.031785
196,CYP,Cyprus,Northern Africa and Western Asia,Coffee,2017,22894.20422,3503.278575
203,CZE,Czech Republic,Europe,Coffee,2017,296513.6937,50509.06696
204,BEN,Benin,Sub-Saharan Africa,Coffee,2017,888.758643,658.7483635
208,DNK,Denmark,Europe,Coffee,2017,184239.1046,37883.62451
212,DMA,Dominica,Latin America and the Caribbean,Coffee,2017,52.0300946,12.24416418
214,DOM,Dominican Republic,Latin America and the Caribbean,Coffee,2017,41417.97402,15169.36904
218,ECU,Ecuador,Latin America and the Caribbean,Coffee,2017,48196.01057,23415.71445
222,SLV,El Salvador,Latin America and the Caribbean,Coffee,2017,2566.892194,475.2560593
226,GNQ,Equatorial Guinea,Sub-Saharan Africa,Coffee,2017,273.028332,38.452122
231,ETH,Ethiopia,Sub-Saharan Africa,Coffee,2017,1471.341094,308.4481494
232,ERI,Eritrea,Sub-Saharan Africa,Coffee,2017,1.298984,0.141
233,EST,Estonia,Europe,Coffee,2017,48812.7703,8483.583635
234,FRO,Faeroe Islands,Europe,Coffee,2017,2560.197791,307.20446
238,FLK,Falkland Islands (Malvinas),Latin America and the Caribbean,Coffee,2017,24.892548,2.862
242,FJI,Fiji,Oceania (excl. Australia and New Zealand),Coffee,2017,2282.427525,244.1883429
246,FIN,Finland,Europe,Coffee,2017,288603.4585,75480.39141
251,FRA,France,Europe,Coffee,2017,2366518.166,333135.3284
258,PYF,French Polynesia,Oceania (excl. Australia and New Zealand),Coffee,2017,3584.672221,348.527614
262,DJI,Djibouti,Sub-Saharan Africa,Coffee,2017,536.26342,182.975
266,GAB,Gabon,Sub-Saharan Africa,Coffee,2017,972.9404208,403.6231322
268,GEO,Georgia,Northern Africa and Western Asia,Coffee,2017,26783.58869,10374.39376
270,GMB,Gambia,Sub-Saharan Africa,Coffee,2017,334.527453,274.9948385
275,PSE,State of Palestine,Northern Africa and Western Asia,Coffee,2017,27601.15157,7231.585358
276,DEU,Germany,Europe,Coffee,2017,3489692.335,1116305.178
288,GHA,Ghana,Sub-Saharan Africa,Coffee,2017,875.2154873,202.1385139
292,GIB,Gibraltar,Europe,Coffee,2017,1048.172881,108.94679
296,KIR,Kiribati,Oceania (excl. Australia and New Zealand),Coffee,2017,187.8651382,10.43612213
300,GRC,Greece,Europe,Coffee,2017,198506.2178,40377.73068
304,GRL,Greenland,Northern America,Coffee,2017,4476.625834,429.4885649
308,GRD,Grenada,Latin America and the Caribbean,Coffee,2017,262.1765799,47.90920042
316,GUM,Guam,Oceania (excl. Australia and New Zealand),Coffee,2017,607.064723,44.0711
320,GTM,Guatemala,Latin America and the Caribbean,Coffee,2017,1342.205002,181.6980582
324,GIN,Guinea,Sub-Saharan Africa,Coffee,2017,215.770247,33.25472
328,GUY,Guyana,Latin America and the Caribbean,Coffee,2017,92.3709384,36.14146455
332,HTI,Haiti,Latin America and the Caribbean,Coffee,2017,315.329273,110.270614
334,HMD,Heard Island and McDonald Islands,,Coffee,2017,31.320211,16.24
336,VAT,Holy See,Europe,Coffee,2017,1.355801,0.06
340,HND,Honduras,Latin America and the Caribbean,Coffee,2017,237.0037547,32.80969888
344,HKG,"China, Hong Kong SAR",China,Coffee,2017,162859.9604,32184.02931
348,HUN,Hungary,Europe,Coffee,2017,133999.7736,27567.03256
352,ISL,Iceland,Europe,Coffee,2017,18034.21599,2639.003007
360,IDN,Indonesia,Eastern and South-Eastern Asia (excl. China),Coffee,2017,40131.55418,16550.88226
364,IRN,Iran,Central and Southern Asia,Coffee,2017,29200.43827,10240.86932
368,IRQ,Iraq,Northern Africa and Western Asia,Coffee,2017,6738.019437,979.8661
372,IRL,Ireland,Europe,Coffee,2017,88341.24416,15566.01857
376,ISR,Israel,Northern Africa and Western Asia,Coffee,2017,147673.6553,34329.49781
381,ITA,Italy,Europe,Coffee,2017,1835739.053,599947.8049
384,CIV,Cote d'Ivoire,Sub-Saharan Africa,Coffee,2017,3017.826435,383.4380512
388,JAM,Jamaica,Latin America and the Caribbean,Coffee,2017,2580.523346,709.21762
392,JPN,Japan,Eastern and South-Eastern Asia (excl. China),Coffee,2017,1399417.016,407371.1626
398,KAZ,Kazakhstan,Central and Southern Asia,Coffee,2017,6931.743256,1139.439387
400,JOR,Jordan,Northern Africa and Western Asia,Coffee,2017,102148.5534,33453.51919
404,KEN,Kenya,Sub-Saharan Africa,Coffee,2017,6502.059109,1825.715241
408,PRK,"Korea, Democratic People’s Republic",Eastern and South-Eastern Asia (excl. China),Coffee,2017,10021.65763,3215.461
410,KOR,"Korea, Republic",Eastern and South-Eastern Asia (excl. China),Coffee,2017,615256.6842,155832.652
414,KWT,Kuwait,Northern Africa and Western Asia,Coffee,2017,38474.74468,8248.483131
417,KGZ,Kyrgyzstan,Central and Southern Asia,Coffee,2017,648.3164008,91.74590678
418,LAO,Lao PDR,Eastern and South-Eastern Asia (excl. China),Coffee,2017,2643.845835,899.2186271
422,LBN,Lebanon,Northern Africa and Western Asia,Coffee,2017,77191.69165,26325.52254
426,LSO,Lesotho,Sub-Saharan Africa,Coffee,2017,2062.038784,612.53053
428,LVA,Latvia,Europe,Coffee,2017,64293.59793,11068.65963
430,LBR,Liberia,Sub-Saharan Africa,Coffee,2017,139.719683,23.537
434,LBY,Libya,Northern Africa and Western Asia,Coffee,2017,35555.32469,13867.9286
440,LTU,Lithuania,Europe,Coffee,2017,111034.2367,17650.80842
442,LUX,Luxembourg,Europe,Coffee,2017,113843.0588,17845.14511
446,MAC,"China, Macao SAR",China,Coffee,2017,7676.869118,1352.839017
450,MDG,Madagascar,Sub-Saharan Africa,Coffee,2017,3000.008134,1453.829562
454,MWI,Malawi,Sub-Saharan Africa,Coffee,2017,206.4959426,41.98893684
458,MYS,Malaysia,Eastern and South-Eastern Asia (excl. China),Coffee,2017,226343.929,88886.06237
462,MDV,Maldives,Central and Southern Asia,Coffee,2017,4352.209872,371.91546
466,MLI,Mali,Sub-Saharan Africa,Coffee,2017,1143.281068,521.0893675
470,MLT,Malta,Europe,Coffee,2017,5062.400051,561.0776651
478,MRT,Mauritania,Sub-Saharan Africa,Coffee,2017,289.4136768,448.1384555
480,MUS,Mauritius,Sub-Saharan Africa,Coffee,2017,4309.646318,696.1469123
484,MEX,Mexico,Latin America and the Caribbean,Coffee,2017,174805.6176,65435.73509
490,,"Other Asia, nes",,Coffee,2017,184044.4126,34604.29988
496,MNG,Mongolia,Eastern and South-Eastern Asia (excl. China),Coffee,2017,925.5679114,111.4720448
498,MDA,Moldova,Europe,Coffee,2017,6195.00461,951.6279304
499,MNE,Montenegro,Europe,Coffee,2017,16749.71771,5377.598778
500,MSR,Montserrat,Latin America and the Caribbean,Coffee,2017,21.814286,2.54652
504,MAR,Morocco,Northern Africa and Western Asia,Coffee,2017,103850.6199,41747.61107
508,MOZ,Mozambique,Sub-Saharan Africa,Coffee,2017,2979.361871,610.3873042
512,OMN,Oman,Northern Africa and Western Asia,Coffee,2017,14777.82405,4678.90745
516,NAM,Namibia,Sub-Saharan Africa,Coffee,2017,8260.056038,2097.219525
520,NRU,Nauru,Oceania (excl. Australia and New Zealand),Coffee,2017,108.725213,3.9382
524,NPL,Nepal,Central and Southern Asia,Coffee,2017,511.418337,118.9146673
528,NLD,Netherlands,Europe,Coffee,2017,1074908.576,196339.4693
531,CUW,Curacao,Latin America and the Caribbean,Coffee,2017,1534.962153,193.40291
533,ABW,Aruba,Latin America and the Caribbean,Coffee,2017,3125.202438,384.5015646
534,SXM,Sint Maarten (Dutch part),Latin America and the Caribbean,Coffee,2017,405.9228,30.658
535,BES,Bonaire,Latin America and the Caribbean,Coffee,2017,89.41444,10.651
540,NCL,New Caledonia,Oceania (excl. Australia and New Zealand),Coffee,2017,2846.511427,306.181
548,VUT,Vanuatu,Oceania (excl. Australia and New Zealand),Coffee,2017,22.426218,2.3874
554,NZL,New Zealand,Australia and New Zealand,Coffee,2017,68516.03805,13488.78735
558,NIC,Nicaragua,Latin America and the Caribbean,Coffee,2017,779.1995626,318.7027702
562,NER,Niger,Sub-Saharan Africa,Coffee,2017,219.179408,165.9748221
566,NGA,Nigeria,Sub-Saharan Africa,Coffee,2017,3636.623105,681.2286557
568,,"Other Europe, nes",,Coffee,2017,19.678534,2.14475
570,NIU,Niue,Oceania (excl. Australia and New Zealand),Coffee,2017,16.721406,0.67671
574,NFK,Norfolk Islands,Australia and New Zealand,Coffee,2017,16.442206,0.963
577,,"Other Africa, nes",,Coffee,2017,36.712607,3.942
579,NOR,Norway,Europe,Coffee,2017,214749.3993,43332.14571
580,MNP,Northern Mariana Islands,Oceania (excl. Australia and New Zealand),Coffee,2017,49.886704,2.46
583,FSM,Micronesia,Oceania (excl. Australia and New Zealand),Coffee,2017,8.256924,0.599
584,MHL,Marshall Islands,Oceania (excl. Australia and New Zealand),Coffee,2017,93.316644,8.90332
585,PLW,Palau,Oceania (excl. Australia and New Zealand),Coffee,2017,591.9682411,189.6776289
586,PAK,Pakistan,Central and Southern Asia,Coffee,2017,1926.871904,328.9159948
591,PAN,Panama,Latin America and the Caribbean,Coffee,2017,14311.53528,4377.716941
598,PNG,Papua New Guinea,Oceania (excl. Australia and New Zealand),Coffee,2017,1497.275015,119.2421
600,PRY,Paraguay,Latin America and the Caribbean,Coffee,2017,4050.780739,1066.743787
604,PER,Peru,Latin America and the Caribbean,Coffee,2017,4451.102648,532.4797457
608,PHL,Philippines,Eastern and South-Eastern Asia (excl. China),Coffee,2017,58001.04577,22528.42623
612,PCN,Pitcairn,Oceania (excl. Australia and New Zealand),Coffee,2017,0.323029,0.014
616,POL,Poland,Europe,Coffee,2017,576900.9523,163023.0881
620,PRT,Portugal,Europe,Coffee,2017,254932.5676,60892.15846
624,GNB,Guinea-Bissau,Sub-Saharan Africa,Coffee,2017,60.13094418,10.2166237
626,TLS,Timor-Leste,Eastern and South-Eastern Asia (excl. China),Coffee,2017,2260.64896,1069.467451
634,QAT,Qatar,Northern Africa and Western Asia,Coffee,2017,17607.79638,2721.272228
642,ROU,Romania,Europe,Coffee,2017,223677.4256,46175.95115
643,RUS,Russian Federation,Europe,Coffee,2017,611112.4685,185176.1287
646,RWA,Rwanda,Sub-Saharan Africa,Coffee,2017,44.6293972,19.52819962
652,BLM,Saint-Barthelemy,Latin America and the Caribbean,Coffee,2017,133.360814,11.345
654,SHN,Saint Helena,Sub-Saharan Africa,Coffee,2017,8.103884,2.46112
659,KNA,Saint Kitts and Nevis,Latin America and the Caribbean,Coffee,2017,246.4103099,38.35588132
660,AIA,Anguilla,Latin America and the Caribbean,Coffee,2017,20.63834,0.988
662,LCA,Saint Lucia,Latin America and the Caribbean,Coffee,2017,856.054978,76.70721566
666,SPM,Saint Pierre and Miquelon,Northern America,Coffee,2017,125.946887,13.886
670,VCT,Saint Vincent and the Grenadines,Latin America and the Caribbean,Coffee,2017,97.24644217,8.487877163
674,SMR,San Marino,Europe,Coffee,2017,268.918712,14.021
678,STP,Sao Tome and Principe,Sub-Saharan Africa,Coffee,2017,87.52899077,7.152481332
682,SAU,Saudi Arabia,Northern Africa and Western Asia,Coffee,2017,225903.665,56315.45565
686,SEN,Senegal,Sub-Saharan Africa,Coffee,2017,3943.52804,3346.099127
688,SRB,Serbia,Europe,Coffee,2017,93180.85982,32588.2095
690,SYC,Seychelles,Sub-Saharan Africa,Coffee,2017,974.7102072,146.9976145
694,SLE,Sierra Leone,Sub-Saharan Africa,Coffee,2017,1013.915603,197.996572
699,IND,India,Central and Southern Asia,Coffee,2017,141052.9603,74358.83793
702,SGP,Singapore,Eastern and South-Eastern Asia (excl. China),Coffee,2017,78503.59227,19408.28227
703,SVK,Slovakia,Europe,Coffee,2017,198842.8595,36595.00821
704,VNM,Vietnam,Eastern and South-Eastern Asia (excl. China),Coffee,2017,117082.8377,39690.38362
705,SVN,Slovenia,Europe,Coffee,2017,93343.77422,28278.98679
706,SOM,Somalia,Sub-Saharan Africa,Coffee,2017,151.400184,41.129
710,ZAF,South Africa,Sub-Saharan Africa,Coffee,2017,87741.05476,24317.05382
716,ZWE,Zimbabwe,Sub-Saharan Africa,Coffee,2017,414.244216,69.916479
724,ESP,Spain,Europe,Coffee,2017,1105078.876,297264.807
728,SSD,South Sudan,Sub-Saharan Africa,Coffee,2017,840.23587,401.304
729,SDN,Sudan,Northern Africa and Western Asia,Coffee,2017,72540.68974,28214.82401
740,SUR,Suriname,Latin America and the Caribbean,Coffee,2017,206.548897,36.26527085
748,SWZ,Eswatini,Sub-Saharan Africa,Coffee,2017,1271.060945,254.0983503
752,SWE,Sweden,Europe,Coffee,2017,489004.339,121230.2725
757,CHE,Switzerland,Europe,Coffee,2017,649976.2805,145163.4022
760,SYR,Syria,Northern Africa and Western Asia,Coffee,2017,65053.85602,26164.612
762,TJK,Tajikistan,Central and Southern Asia,Coffee,2017,120.6642497,22.11008934
764,THA,Thailand,Eastern and South-Eastern Asia (excl. China),Coffee,2017,131177.7358,51480.13929
768,TGO,Togo,Sub-Saharan Africa,Coffee,2017,287.016811,148.9314664
776,TON,Tonga,Oceania (excl. Australia and New Zealand),Coffee,2017,16.774827,1.81524
780,TTO,Trinidad and Tobago,Latin America and the Caribbean,Coffee,2017,1515.256417,329.5218208
784,ARE,United Arab Emirates,Northern Africa and Western Asia,Coffee,2017,104399.6234,18139.9105
788,TUN,Tunisia,Northern Africa and Western Asia,Coffee,2017,61231.05101,26575.56748
792,TUR,Turkey,Northern Africa and Western Asia,Coffee,2017,195106.3477,59470.58055
795,TKM,Turkmenistan,Central and Southern Asia,Coffee,2017,565.336309,199.59541
796,TCA,Turks and Caicos Islands,Latin America and the Caribbean,Coffee,2017,342.145063,33.15995
798,TUV,Tuvalu,Oceania (excl. Australia and New Zealand),Coffee,2017,18.99352,4.20224
800,UGA,Uganda,Sub-Saharan Africa,Coffee,2017,22194.92824,7450.341128
804,UKR,Ukraine,Europe,Coffee,2017,124648.4656,35505.1967
807,MKD,North Macedonia,Europe,Coffee,2017,25272.18189,7601.678587
818,EGY,Egypt,Northern Africa and Western Asia,Coffee,2017,101366.815,34105.36317
826,GBR,United Kingdom,Europe,Coffee,2017,1008890.692,214296.322
834,TZA,Tanzania,Sub-Saharan Africa,Coffee,2017,497.7043819,126.7764127
837,,Bunkers,,Coffee,2017,3583.346172,503.382038
838,,Free Zones,,Coffee,2017,3188.45946,963.334079
839,,Special Categories,,Coffee,2017,85.317691,22.8734
842,USA,United States,Northern America,Coffee,2017,6151445.208,1606492.307
854,BFA,Burkina Faso,Sub-Saharan Africa,Coffee,2017,157.9576884,44.25510919
858,URY,Uruguay,Latin America and the Caribbean,Coffee,2017,5944.693339,1364.446302
860,UZB,Uzbekistan,Central and Southern Asia,Coffee,2017,723.3095682,134.3113061
862,VEN,Venezuela,Latin America and the Caribbean,Coffee,2017,6612.150614,2491.044
876,WLF,Wallis and Futuna Islands,Oceania (excl. Australia and New Zealand),Coffee,2017,35.76668,2.572
882,WSM,Samoa,Oceania (excl. Australia and New Zealand),Coffee,2017,440.532273,142.4464332
887,YEM,Yemen,Northern Africa and Western Asia,Coffee,2017,2028.050037,1134.62
894,ZMB,Zambia,Sub-Saharan Africa,Coffee,2017,922.8141339,200.6419055
899,,"Areas, nes",,Coffee,2017,352952.5354,169816.5498
