Exporter M.49,Exporter ISO3,Exporter,Exporter region,Resource,Year,Value (1000USD),Weight (1000kg)
4,AFG,Afghanistan,Central and Southern Asia,Coffee,2018,,
8,ALB,Albania,Europe,Coffee,2018,467.843712,61.9027732
12,DZA,Algeria,Northern Africa and Western Asia,Coffee,2018,122.794085,19.2693
20,AND,Andorra,Europe,Coffee,2018,170.7863525,42.51726993
24,AGO,Angola,Sub-Saharan Africa,Coffee,2018,1589.379806,882.036321
28,ATG,Antigua and Barbuda,Latin America and the Caribbean,Coffee,2018,50.6771189,4.582661435
31,AZE,Azerbaijan,Northern Africa and Western Asia,Coffee,2018,,
32,ARG,Argentina,Latin America and the Caribbean,Coffee,2018,1997.792847,438.332122
36,AUS,Australia,Australia and New Zealand,Coffee,2018,26676.58162,3016.364482
40,AUT,Austria,Europe,Coffee,2018,69414.75964,9044.510038
44,BHS,Bahamas,Latin America and the Caribbean,Coffee,2018,0.383896,0.046609
48,BHR,Bahrain,Northern Africa and Western Asia,Coffee,2018,210.883307,77.7405446
50,BGD,Bangladesh,Central and Southern Asia,Coffee,2018,404.47144,216.4
51,ARM,Armenia,Northern Africa and Western Asia,Coffee,2018,4085.089866,990.8629074
52,BRB,Barbados,Latin America and the Caribbean,Coffee,2018,26.947312,2.221054
56,BEL,Belgium,Europe,Coffee,2018,405757.5181,87923.82679
60,BMU,Bermuda,Northern America,Coffee,2018,1.05593,0.11009
68,BOL,Bolivia,Latin America and the Caribbean,Coffee,2018,10498.43917,1835.917748
70,BIH,Bosnia Herzegovina,Europe,Coffee,2018,5767.486984,1137.591969
72,BWA,Botswana,Sub-Saharan Africa,Coffee,2018,43.55756445,6.905992609
76,BRA,Brazil,Latin America and the Caribbean,Coffee,2018,4650391.191,1839388.722
84,BLZ,Belize,Latin America and the Caribbean,Coffee,2018,1101.738863,376.3957067
90,SLB,Solomon Islands,Oceania (excl. Australia and New Zealand),Coffee,2018,0.012559,0.001442
92,VGB,British Virgin Islands,Latin America and the Caribbean,Coffee,2018,0.073,0.002
96,BRN,Brunei Darussalam,Eastern and South-Eastern Asia (excl. China),Coffee,2018,44.207183,14.311823
100,BGR,Bulgaria,Europe,Coffee,2018,83904.12936,16190.33157
104,MMR,Myanmar,Eastern and South-Eastern Asia (excl. China),Coffee,2018,3016.300092,918.8151262
108,BDI,Burundi,Sub-Saharan Africa,Coffee,2018,47577.00933,18480.71725
112,BLR,Belarus,Europe,Coffee,2018,2306.290919,652.9393847
116,KHM,Cambodia,Eastern and South-Eastern Asia (excl. China),Coffee,2018,132.4566962,34.8665717
120,CMR,Cameroon,Sub-Saharan Africa,Coffee,2018,37457.26587,18251.52495
124,CAN,Canada,Northern America,Coffee,2018,469259.4761,58301.74622
132,CPV,Cabo Verde,Sub-Saharan Africa,Coffee,2018,190.525085,11.644
136,CYM,Cayman Islands,Latin America and the Caribbean,Coffee,2018,0.208248,0.012
140,CAF,Central African Republic,Sub-Saharan Africa,Coffee,2018,609.49456,193.834
144,LKA,Sri Lanka,Central and Southern Asia,Coffee,2018,3312.29962,231.783416
148,TCD,Chad,Sub-Saharan Africa,Coffee,2018,111.42,113
152,CHL,Chile,Latin America and the Caribbean,Coffee,2018,451.5211567,64.07375256
156,CHN,China,China,Coffee,2018,221359.1964,81798.7038
166,CCK,Cocos Islands,,Coffee,2018,60.29508,19.169
170,COL,Colombia,Latin America and the Caribbean,Coffee,2018,2534658.203,747948.9535
174,COM,Comoros,Sub-Saharan Africa,Coffee,2018,0.000772,0.000244
178,COG,"Congo, Republic",Sub-Saharan Africa,Coffee,2018,16630.12172,6354.391451
180,COD,"Congo, Democratic Republic",Sub-Saharan Africa,Coffee,2018,19537.84368,8598.541157
184,COK,Cook Islands,Oceania (excl. Australia and New Zealand),Coffee,2018,,
188,CRI,Costa Rica,Latin America and the Caribbean,Coffee,2018,327596.8541,76129.84878
191,HRV,Croatia,Europe,Coffee,2018,16677.62953,2999.140345
192,CUB,Cuba,Latin America and the Caribbean,Coffee,2018,7071.705664,1443.458403
196,CYP,Cyprus,Northern Africa and Western Asia,Coffee,2018,11047.05234,1760.875753
203,CZE,Czech Republic,Europe,Coffee,2018,125624.7254,18139.10057
204,BEN,Benin,Sub-Saharan Africa,Coffee,2018,23.053112,28.999
208,DNK,Denmark,Europe,Coffee,2018,44407.00194,5432.757955
212,DMA,Dominica,Latin America and the Caribbean,Coffee,2018,95.317482,21.049049
214,DOM,Dominican Republic,Latin America and the Caribbean,Coffee,2018,12137.06984,2267.890157
218,ECU,Ecuador,Latin America and the Caribbean,Coffee,2018,16205.37282,5099.261404
222,SLV,El Salvador,Latin America and the Caribbean,Coffee,2018,121190.8043,35340.66065
226,GNQ,Equatorial Guinea,Sub-Saharan Africa,Coffee,2018,6.827145,1.92
231,ETH,Ethiopia,Sub-Saharan Africa,Coffee,2018,613766.8364,171598.6689
232,ERI,Eritrea,Sub-Saharan Africa,Coffee,2018,0.115176,0.038016
233,EST,Estonia,Europe,Coffee,2018,20284.03937,2799.61435
234,FRO,Faeroe Islands,Europe,Coffee,2018,0.045094,0.005442
238,FLK,Falkland Islands (Malvinas),Latin America and the Caribbean,Coffee,2018,1.034758,0.124874
242,FJI,Fiji,Oceania (excl. Australia and New Zealand),Coffee,2018,278.5546715,26.28294769
246,FIN,Finland,Europe,Coffee,2018,30843.32953,6587.020661
251,FRA,France,Europe,Coffee,2018,1175929.251,119699.7272
258,PYF,French Polynesia,Oceania (excl. Australia and New Zealand),Coffee,2018,4.18446,0.39446619
262,DJI,Djibouti,Sub-Saharan Africa,Coffee,2018,10689.78236,2387.73826
266,GAB,Gabon,Sub-Saharan Africa,Coffee,2018,70.7810163,25.8523823
268,GEO,Georgia,Northern Africa and Western Asia,Coffee,2018,151.2135611,15.10979229
270,GMB,Gambia,Sub-Saharan Africa,Coffee,2018,0.044881,0.005
275,PSE,State of Palestine,Northern Africa and Western Asia,Coffee,2018,4199.4116,426.497776
276,DEU,Germany,Europe,Coffee,2018,2402467.013,525996.7074
288,GHA,Ghana,Sub-Saharan Africa,Coffee,2018,119.83613,164.394322
300,GRC,Greece,Europe,Coffee,2018,19975.17962,3001.983643
308,GRD,Grenada,Latin America and the Caribbean,Coffee,2018,0.250876,0.045225
316,GUM,Guam,Oceania (excl. Australia and New Zealand),Coffee,2018,216.296256,53.40858
320,GTM,Guatemala,Latin America and the Caribbean,Coffee,2018,782478.9852,214159.5578
324,GIN,Guinea,Sub-Saharan Africa,Coffee,2018,16581.79471,11352.58144
328,GUY,Guyana,Latin America and the Caribbean,Coffee,2018,1.03203,0.0496
332,HTI,Haiti,Latin America and the Caribbean,Coffee,2018,1206.498799,121.673021
334,HMD,Heard Island and McDonald Islands,,Coffee,2018,0.048632,0.002244
340,HND,Honduras,Latin America and the Caribbean,Coffee,2018,1145531.515,420642.6699
344,HKG,"China, Hong Kong SAR",China,Coffee,2018,8139.512734,2206.471114
348,HUN,Hungary,Europe,Coffee,2018,39531.48934,6878.994022
352,ISL,Iceland,Europe,Coffee,2018,40.344073,1.494
360,IDN,Indonesia,Eastern and South-Eastern Asia (excl. China),Coffee,2018,898347.9374,290066.2004
364,IRN,Iran,Central and Southern Asia,Coffee,2018,19.046644,4.272502
368,IRQ,Iraq,Northern Africa and Western Asia,Coffee,2018,0.016533,0.003
372,IRL,Ireland,Europe,Coffee,2018,33443.11123,4568.039561
376,ISR,Israel,Northern Africa and Western Asia,Coffee,2018,12324.01213,1526.866017
381,ITA,Italy,Europe,Coffee,2018,1733036.853,230657.6679
384,CIV,Cote d'Ivoire,Sub-Saharan Africa,Coffee,2018,125335.8659,68681.2909
388,JAM,Jamaica,Latin America and the Caribbean,Coffee,2018,19660.02877,802.6792481
392,JPN,Japan,Eastern and South-Eastern Asia (excl. China),Coffee,2018,35234.29431,3569.709711
398,KAZ,Kazakhstan,Central and Southern Asia,Coffee,2018,34.5302234,6.20330358
400,JOR,Jordan,Northern Africa and Western Asia,Coffee,2018,8414.780256,1228.678232
404,KEN,Kenya,Sub-Saharan Africa,Coffee,2018,243547.3903,50220.94213
408,PRK,"Korea, Democratic People’s Republic",Eastern and South-Eastern Asia (excl. China),Coffee,2018,1.005316,0.053
410,KOR,"Korea, Republic",Eastern and South-Eastern Asia (excl. China),Coffee,2018,7524.709773,1266.564035
414,KWT,Kuwait,Northern Africa and Western Asia,Coffee,2018,5366.475518,801.175305
417,KGZ,Kyrgyzstan,Central and Southern Asia,Coffee,2018,15.867045,0.97360942
418,LAO,Lao PDR,Eastern and South-Eastern Asia (excl. China),Coffee,2018,113543.3525,33866.74302
422,LBN,Lebanon,Northern Africa and Western Asia,Coffee,2018,26910.46367,3185.176797
426,LSO,Lesotho,Sub-Saharan Africa,Coffee,2018,9.367564,4.274875
428,LVA,Latvia,Europe,Coffee,2018,29327.09716,4462.451508
430,LBR,Liberia,Sub-Saharan Africa,Coffee,2018,791.76497,430.086
434,LBY,Libya,Northern Africa and Western Asia,Coffee,2018,0.063403,0.014
440,LTU,Lithuania,Europe,Coffee,2018,43395.24534,5751.78898
442,LUX,Luxembourg,Europe,Coffee,2018,52462.55231,7434.328525
446,MAC,"China, Macao SAR",China,Coffee,2018,1516.545195,338.810819
450,MDG,Madagascar,Sub-Saharan Africa,Coffee,2018,532.4129936,192.2673496
454,MWI,Malawi,Sub-Saharan Africa,Coffee,2018,3093.580595,703.1551888
458,MYS,Malaysia,Eastern and South-Eastern Asia (excl. China),Coffee,2018,86515.81322,14958.00519
462,MDV,Maldives,Central and Southern Asia,Coffee,2018,,
466,MLI,Mali,Sub-Saharan Africa,Coffee,2018,6.107519,16.275
470,MLT,Malta,Europe,Coffee,2018,690.9698896,88.219441
480,MUS,Mauritius,Sub-Saharan Africa,Coffee,2018,317.8276501,117.4416864
484,MEX,Mexico,Latin America and the Caribbean,Coffee,2018,380218.0251,111700.6959
490,,"Other Asia, nes",,Coffee,2018,10020.68293,1639.516323
496,MNG,Mongolia,Eastern and South-Eastern Asia (excl. China),Coffee,2018,3.49576,0.726
498,MDA,Moldova,Europe,Coffee,2018,211.2429127,17.33316966
499,MNE,Montenegro,Europe,Coffee,2018,509.104012,144.9019074
504,MAR,Morocco,Northern Africa and Western Asia,Coffee,2018,1018.292967,206.5663215
508,MOZ,Mozambique,Sub-Saharan Africa,Coffee,2018,34.405867,2.932764
512,OMN,Oman,Northern Africa and Western Asia,Coffee,2018,899.263821,405.4493239
516,NAM,Namibia,Sub-Saharan Africa,Coffee,2018,101.22051,26.57416026
524,NPL,Nepal,Central and Southern Asia,Coffee,2018,1290.498365,123.2114672
528,NLD,Netherlands,Europe,Coffee,2018,817159.4321,120820.2528
531,CUW,Curacao,Latin America and the Caribbean,Coffee,2018,15.950662,2.0511
533,ABW,Aruba,Latin America and the Caribbean,Coffee,2018,10.763068,0.71366905
534,SXM,Sint Maarten (Dutch part),Latin America and the Caribbean,Coffee,2018,8.727346,0.14575
535,BES,Bonaire,Latin America and the Caribbean,Coffee,2018,0.076749,0.001
540,NCL,New Caledonia,Oceania (excl. Australia and New Zealand),Coffee,2018,10.613832,2.00707
548,VUT,Vanuatu,Oceania (excl. Australia and New Zealand),Coffee,2018,229.653779,35.04766
554,NZL,New Zealand,Australia and New Zealand,Coffee,2018,5206.656269,613.2003669
558,NIC,Nicaragua,Latin America and the Caribbean,Coffee,2018,464116.6067,142716.504
562,NER,Niger,Sub-Saharan Africa,Coffee,2018,280.718154,256.105069
566,NGA,Nigeria,Sub-Saharan Africa,Coffee,2018,126.5059,50.045854
568,,"Other Europe, nes",,Coffee,2018,34496.02314,3944.144683
570,NIU,Niue,Oceania (excl. Australia and New Zealand),Coffee,2018,,
579,NOR,Norway,Europe,Coffee,2018,3355.702275,430.9595343
581,UMI,United States Minor Outlying Islands,,Coffee,2018,6.122847,1.295
583,FSM,Micronesia,Oceania (excl. Australia and New Zealand),Coffee,2018,0.08034,0.009695
584,MHL,Marshall Islands,Oceania (excl. Australia and New Zealand),Coffee,2018,0.524052,0.172775
586,PAK,Pakistan,Central and Southern Asia,Coffee,2018,0.509286,0.0777
591,PAN,Panama,Latin America and the Caribbean,Coffee,2018,29936.52939,2820.979644
598,PNG,Papua New Guinea,Oceania (excl. Australia and New Zealand),Coffee,2018,157923.1773,48980.58721
600,PRY,Paraguay,Latin America and the Caribbean,Coffee,2018,14.545423,2.042
604,PER,Peru,Latin America and the Caribbean,Coffee,2018,744912.8717,260102.5338
608,PHL,Philippines,Eastern and South-Eastern Asia (excl. China),Coffee,2018,1204.465236,451.6978695
612,PCN,Pitcairn,Oceania (excl. Australia and New Zealand),Coffee,2018,90.058405,37.761
616,POL,Poland,Europe,Coffee,2018,336639.6472,64513.55201
620,PRT,Portugal,Europe,Coffee,2018,88702.91794,13925.70472
624,GNB,Guinea-Bissau,Sub-Saharan Africa,Coffee,2018,34.368375,9.726
626,TLS,Timor-Leste,Eastern and South-Eastern Asia (excl. China),Coffee,2018,26618.56656,8899.947899
634,QAT,Qatar,Northern Africa and Western Asia,Coffee,2018,108.014524,23.49986
642,ROU,Romania,Europe,Coffee,2018,9627.892637,1302.596619
643,RUS,Russian Federation,Europe,Coffee,2018,36934.30039,6884.010622
646,RWA,Rwanda,Sub-Saharan Africa,Coffee,2018,98772.8004,32716.29654
654,SHN,Saint Helena,Sub-Saharan Africa,Coffee,2018,,
660,AIA,Anguilla,Latin America and the Caribbean,Coffee,2018,110.58575,54.51744
662,LCA,Saint Lucia,Latin America and the Caribbean,Coffee,2018,26.372275,4.85318405
670,VCT,Saint Vincent and the Grenadines,Latin America and the Caribbean,Coffee,2018,3.52794,0.210323
674,SMR,San Marino,Europe,Coffee,2018,106.861663,12.757228
678,STP,Sao Tome and Principe,Sub-Saharan Africa,Coffee,2018,22.91363199,0.819721458
682,SAU,Saudi Arabia,Northern Africa and Western Asia,Coffee,2018,5797.713478,1540.774732
686,SEN,Senegal,Sub-Saharan Africa,Coffee,2018,291.9770179,74.8746878
688,SRB,Serbia,Europe,Coffee,2018,8443.341333,1524.727956
690,SYC,Seychelles,Sub-Saharan Africa,Coffee,2018,19.766885,1.673
694,SLE,Sierra Leone,Sub-Saharan Africa,Coffee,2018,4566.002363,2829.764054
699,IND,India,Central and Southern Asia,Coffee,2018,590564.6309,249388.5003
702,SGP,Singapore,Eastern and South-Eastern Asia (excl. China),Coffee,2018,48079.77383,7476.426568
703,SVK,Slovakia,Europe,Coffee,2018,112477.9871,21750.74423
704,VNM,Vietnam,Eastern and South-Eastern Asia (excl. China),Coffee,2018,3042867.342,1086552.918
705,SVN,Slovenia,Europe,Coffee,2018,42407.45647,11221.70538
706,SOM,Somalia,Sub-Saharan Africa,Coffee,2018,35.563462,4.393
710,ZAF,South Africa,Sub-Saharan Africa,Coffee,2018,23245.73583,4339.821539
716,ZWE,Zimbabwe,Sub-Saharan Africa,Coffee,2018,1619.547537,353.90097
724,ESP,Spain,Europe,Coffee,2018,321015.2783,51553.95352
732,ESH,Western Sahara,Northern Africa and Western Asia,Coffee,2018,0.358952,0.06
740,SUR,Suriname,Latin America and the Caribbean,Coffee,2018,0.56506,0.027
748,SWZ,Eswatini,Sub-Saharan Africa,Coffee,2018,179.2964251,11.0864
752,SWE,Sweden,Europe,Coffee,2018,148611.8291,25052.71238
757,CHE,Switzerland,Europe,Coffee,2018,2660124.01,212133.8898
760,SYR,Syria,Northern Africa and Western Asia,Coffee,2018,3734.445518,1004.32466
762,TJK,Tajikistan,Central and Southern Asia,Coffee,2018,0.106,0.003
764,THA,Thailand,Eastern and South-Eastern Asia (excl. China),Coffee,2018,7588.810025,1443.212834
768,TGO,Togo,Sub-Saharan Africa,Coffee,2018,11523.79241,7816.606824
780,TTO,Trinidad and Tobago,Latin America and the Caribbean,Coffee,2018,350.2882221,45.96956466
784,ARE,United Arab Emirates,Northern Africa and Western Asia,Coffee,2018,33012.6651,8481.193453
788,TUN,Tunisia,Northern Africa and Western Asia,Coffee,2018,238.3067994,16.17195476
792,TUR,Turkey,Northern Africa and Western Asia,Coffee,2018,20344.98717,4886.779973
795,TKM,Turkmenistan,Central and Southern Asia,Coffee,2018,24.59783,7.208
796,TCA,Turks and Caicos Islands,Latin America and the Caribbean,Coffee,2018,0.035934,0.02
800,UGA,Uganda,Sub-Saharan Africa,Coffee,2018,473012.2043,240425.3388
804,UKR,Ukraine,Europe,Coffee,2018,1742.461559,215.926906
807,MKD,North Macedonia,Europe,Coffee,2018,1992.963694,343.3717012
818,EGY,Egypt,Northern Africa and Western Asia,Coffee,2018,915.479865,149.3830478
826,GBR,United Kingdom,Europe,Coffee,2018,328426.1587,36763.217
834,TZA,Tanzania,Sub-Saharan Africa,Coffee,2018,153536.5703,52768.95544
837,,Bunkers,,Coffee,2018,40.804484,6.68
838,,Free Zones,,Coffee,2018,2528.538367,837.604
839,,Special Categories,,Coffee,2018,52.945916,7.81325
842,USA,United States,Northern America,Coffee,2018,795547.8084,104148.0799
854,BFA,Burkina Faso,Sub-Saharan Africa,Coffee,2018,1.463534,0.1
858,URY,Uruguay,Latin America and the Caribbean,Coffee,2018,290.889835,39.274202
860,UZB,Uzbekistan,Central and Southern Asia,Coffee,2018,0.392,0.19
862,VEN,Venezuela,Latin America and the Caribbean,Coffee,2018,5674.533441,4292.501944
882,WSM,Samoa,Oceania (excl. Australia and New Zealand),Coffee,2018,3.034311,0.19
887,YEM,Yemen,Northern Africa and Western Asia,Coffee,2018,19455.66555,3824.296104
894,ZMB,Zambia,Sub-Saharan Africa,Coffee,2018,4118.708792,1096.77012
899,,"Areas, nes",,Coffee,2018,45329.6842,17745.23417
4,AFG,Afghanistan,Central and Southern Asia,Coffee,2019,,
8,ALB,Albania,Europe,Coffee,2019,1104.541137,142.877667
12,DZA,Algeria,Northern Africa and Western Asia,Coffee,2019,6.935014,1.003936
20,AND,Andorra,Europe,Coffee,2019,7.283299,1.276
24,AGO,Angola,Sub-Saharan Africa,Coffee,2019,1964.726167,1193.625832
28,ATG,Antigua and Barbuda,Latin America and the Caribbean,Coffee,2019,60.988678,3.88596251
31,AZE,Azerbaijan,Northern Africa and Western Asia,Coffee,2019,0.05,0.0004
32,ARG,Argentina,Latin America and the Caribbean,Coffee,2019,1488.446278,192.4519154
36,AUS,Australia,Australia and New Zealand,Coffee,2019,27191.54882,3537.32481
40,AUT,Austria,Europe,Coffee,2019,80224.1203,11750.78275
44,BHS,Bahamas,Latin America and the Caribbean,Coffee,2019,0.01,0.001814
48,BHR,Bahrain,Northern Africa and Western Asia,Coffee,2019,215.2071725,49.19625171
50,BGD,Bangladesh,Central and Southern Asia,Coffee,2019,,
51,ARM,Armenia,Northern Africa and Western Asia,Coffee,2019,4086.726222,917.0778486
52,BRB,Barbados,Latin America and the Caribbean,Coffee,2019,27.48749,1.961
56,BEL,Belgium,Europe,Coffee,2019,429508.352,107348.959
60,BMU,Bermuda,Northern America,Coffee,2019,0.436673,0.0202
64,BTN,Bhutan,Central and Southern Asia,Coffee,2019,,
68,BOL,Bolivia,Latin America and the Caribbean,Coffee,2019,9600.069527,1394.698077
70,BIH,Bosnia Herzegovina,Europe,Coffee,2019,6000.188612,1255.932704
72,BWA,Botswana,Sub-Saharan Africa,Coffee,2019,46.88861145,6.837074662
74,BVT,Bouvet Island,,Coffee,2019,,
76,BRA,Brazil,Latin America and the Caribbean,Coffee,2019,4817447.235,2197452.434
84,BLZ,Belize,Latin America and the Caribbean,Coffee,2019,279.713824,107.29181
90,SLB,Solomon Islands,Oceania (excl. Australia and New Zealand),Coffee,2019,2.038929,0.2
92,VGB,British Virgin Islands,Latin America and the Caribbean,Coffee,2019,0.000754,0.002
96,BRN,Brunei Darussalam,Eastern and South-Eastern Asia (excl. China),Coffee,2019,147.09958,47.334
100,BGR,Bulgaria,Europe,Coffee,2019,80938.63746,17691.69449
104,MMR,Myanmar,Eastern and South-Eastern Asia (excl. China),Coffee,2019,3391.541681,1188.965362
108,BDI,Burundi,Sub-Saharan Africa,Coffee,2019,47842.2869,20238.36986
112,BLR,Belarus,Europe,Coffee,2019,3099.930248,979.9809459
116,KHM,Cambodia,Eastern and South-Eastern Asia (excl. China),Coffee,2019,43.31207,7.4482376
120,CMR,Cameroon,Sub-Saharan Africa,Coffee,2019,33049.34289,20299.07337
124,CAN,Canada,Northern America,Coffee,2019,459507.92,58730.88938
132,CPV,Cabo Verde,Sub-Saharan Africa,Coffee,2019,27.93615,3
140,CAF,Central African Republic,Sub-Saharan Africa,Coffee,2019,567.07687,526.365
144,LKA,Sri Lanka,Central and Southern Asia,Coffee,2019,3138.94017,201.3399165
152,CHL,Chile,Latin America and the Caribbean,Coffee,2019,549.8569943,83.39650981
156,CHN,China,China,Coffee,2019,168852.2878,69684.47706
166,CCK,Cocos Islands,,Coffee,2019,0.208267,0.005
170,COL,Colombia,Latin America and the Caribbean,Coffee,2019,2580596.875,795770.8172
174,COM,Comoros,Sub-Saharan Africa,Coffee,2019,60.965981,21.17
178,COG,"Congo, Republic",Sub-Saharan Africa,Coffee,2019,10972.28573,4791.348595
180,COD,"Congo, Democratic Republic",Sub-Saharan Africa,Coffee,2019,19443.99526,9536.534665
188,CRI,Costa Rica,Latin America and the Caribbean,Coffee,2019,277041.8806,60827.89524
191,HRV,Croatia,Europe,Coffee,2019,15242.09522,2637.550373
192,CUB,Cuba,Latin America and the Caribbean,Coffee,2019,6106.54975,1071.631343
196,CYP,Cyprus,Northern Africa and Western Asia,Coffee,2019,10866.77615,1857.614327
203,CZE,Czech Republic,Europe,Coffee,2019,133807.3596,19997.8864
204,BEN,Benin,Sub-Saharan Africa,Coffee,2019,0.066379,0.04
208,DNK,Denmark,Europe,Coffee,2019,46492.47003,5598.495434
212,DMA,Dominica,Latin America and the Caribbean,Coffee,2019,101.090748,16.325
214,DOM,Dominican Republic,Latin America and the Caribbean,Coffee,2019,12062.53223,2963.299796
218,ECU,Ecuador,Latin America and the Caribbean,Coffee,2019,9375.854438,1878.084515
222,SLV,El Salvador,Latin America and the Caribbean,Coffee,2019,116124.3735,35559.13809
231,ETH,Ethiopia,Sub-Saharan Africa,Coffee,2019,839883.0239,260080.6554
232,ERI,Eritrea,Sub-Saharan Africa,Coffee,2019,2.037531,0.727
233,EST,Estonia,Europe,Coffee,2019,19029.76855,2829.661226
234,FRO,Faeroe Islands,Europe,Coffee,2019,10.760394,1.08
242,FJI,Fiji,Oceania (excl. Australia and New Zealand),Coffee,2019,44.5307215,9.68771
246,FIN,Finland,Europe,Coffee,2019,21647.07899,4252.983066
251,FRA,France,Europe,Coffee,2019,1077761.781,58568.28153
258,PYF,French Polynesia,Oceania (excl. Australia and New Zealand),Coffee,2019,15.4813684,0.55091166
262,DJI,Djibouti,Sub-Saharan Africa,Coffee,2019,5699.854789,1510.454
266,GAB,Gabon,Sub-Saharan Africa,Coffee,2019,6.944884,1.8497977
268,GEO,Georgia,Northern Africa and Western Asia,Coffee,2019,117.123779,14.2940083
270,GMB,Gambia,Sub-Saharan Africa,Coffee,2019,3.286621,8.032
275,PSE,State of Palestine,Northern Africa and Western Asia,Coffee,2019,3539.61236,632.306945
276,DEU,Germany,Europe,Coffee,2019,2262370.854,534118.8746
288,GHA,Ghana,Sub-Saharan Africa,Coffee,2019,845.723943,332.772614
292,GIB,Gibraltar,Europe,Coffee,2019,0.027902,0.003
300,GRC,Greece,Europe,Coffee,2019,23148.98895,4014.515036
308,GRD,Grenada,Latin America and the Caribbean,Coffee,2019,1.774815,0.174
316,GUM,Guam,Oceania (excl. Australia and New Zealand),Coffee,2019,124.466421,38.436
320,GTM,Guatemala,Latin America and the Caribbean,Coffee,2019,785510.5638,224264.839
324,GIN,Guinea,Sub-Saharan Africa,Coffee,2019,7266.22848,5325.646
328,GUY,Guyana,Latin America and the Caribbean,Coffee,2019,1.638524,0.248269
332,HTI,Haiti,Latin America and the Caribbean,Coffee,2019,915.975412,106.1426
334,HMD,Heard Island and McDonald Islands,,Coffee,2019,0.018088,0.001
336,VAT,Holy See,Europe,Coffee,2019,7.847607,0.518
340,HND,Honduras,Latin America and the Caribbean,Coffee,2019,1125057.956,450990.4776
344,HKG,"China, Hong Kong SAR",China,Coffee,2019,3923.905068,730.4596797
348,HUN,Hungary,Europe,Coffee,2019,28944.78418,5475.800598
352,ISL,Iceland,Europe,Coffee,2019,32.405316,1.527798
360,IDN,Indonesia,Eastern and South-Eastern Asia (excl. China),Coffee,2019,932623.3981,345148.3128
364,IRN,Iran,Central and Southern Asia,Coffee,2019,44.889226,9.983782
368,IRQ,Iraq,Northern Africa and Western Asia,Coffee,2019,10.422139,1.929
372,IRL,Ireland,Europe,Coffee,2019,38704.02657,4846.393391
376,ISR,Israel,Northern Africa and Western Asia,Coffee,2019,12344.46126,1633.576782
381,ITA,Italy,Europe,Coffee,2019,1746565.806,257406.9635
384,CIV,Cote d'Ivoire,Sub-Saharan Africa,Coffee,2019,157904.2777,101368.8463
388,JAM,Jamaica,Latin America and the Caribbean,Coffee,2019,16516.85123,669.3832812
392,JPN,Japan,Eastern and South-Eastern Asia (excl. China),Coffee,2019,33349.18402,3137.437624
398,KAZ,Kazakhstan,Central and Southern Asia,Coffee,2019,564.921468,74.92693812
400,JOR,Jordan,Northern Africa and Western Asia,Coffee,2019,10566.7668,1967.825047
404,KEN,Kenya,Sub-Saharan Africa,Coffee,2019,217761.0838,56829.38657
408,PRK,"Korea, Democratic People’s Republic",Eastern and South-Eastern Asia (excl. China),Coffee,2019,1.200448,0.69788
410,KOR,"Korea, Republic",Eastern and South-Eastern Asia (excl. China),Coffee,2019,5446.715336,1043.719555
414,KWT,Kuwait,Northern Africa and Western Asia,Coffee,2019,4216.709475,512.2906028
417,KGZ,Kyrgyzstan,Central and Southern Asia,Coffee,2019,1.74329,0.421986
418,LAO,Lao PDR,Eastern and South-Eastern Asia (excl. China),Coffee,2019,80124.79105,33261.84859
422,LBN,Lebanon,Northern Africa and Western Asia,Coffee,2019,24371.26478,3047.050017
426,LSO,Lesotho,Sub-Saharan Africa,Coffee,2019,4.61912047,1.68553803
428,LVA,Latvia,Europe,Coffee,2019,30259.00131,4518.946707
430,LBR,Liberia,Sub-Saharan Africa,Coffee,2019,47.5008,39.829
434,LBY,Libya,Northern Africa and Western Asia,Coffee,2019,2.1581874,0.2017
440,LTU,Lithuania,Europe,Coffee,2019,52808.9947,7305.343325
442,LUX,Luxembourg,Europe,Coffee,2019,50157.00317,7778.19925
446,MAC,"China, Macao SAR",China,Coffee,2019,1299.42559,300.242106
450,MDG,Madagascar,Sub-Saharan Africa,Coffee,2019,445.8362912,263.2759918
454,MWI,Malawi,Sub-Saharan Africa,Coffee,2019,3548.122716,1068.675292
458,MYS,Malaysia,Eastern and South-Eastern Asia (excl. China),Coffee,2019,139221.7382,21734.93886
462,MDV,Maldives,Central and Southern Asia,Coffee,2019,2.550234,0.211
466,MLI,Mali,Sub-Saharan Africa,Coffee,2019,36.8744846,11.1940074
470,MLT,Malta,Europe,Coffee,2019,42.75382011,6.748962948
478,MRT,Mauritania,Sub-Saharan Africa,Coffee,2019,1.78662,2.017
480,MUS,Mauritius,Sub-Saharan Africa,Coffee,2019,198.2316922,29.65435297
484,MEX,Mexico,Latin America and the Caribbean,Coffee,2019,334479.3775,108958.7677
490,,"Other Asia, nes",,Coffee,2019,7333.262288,906.5693686
496,MNG,Mongolia,Eastern and South-Eastern Asia (excl. China),Coffee,2019,0.307,0.0308
498,MDA,Moldova,Europe,Coffee,2019,405.6248196,45.47797596
499,MNE,Montenegro,Europe,Coffee,2019,123.2716949,47.12475
504,MAR,Morocco,Northern Africa and Western Asia,Coffee,2019,2033.509478,336.4509773
508,MOZ,Mozambique,Sub-Saharan Africa,Coffee,2019,35.0185459,3.616036
512,OMN,Oman,Northern Africa and Western Asia,Coffee,2019,2411.043563,678.557575
516,NAM,Namibia,Sub-Saharan Africa,Coffee,2019,29.97354152,3.326795589
520,NRU,Nauru,Oceania (excl. Australia and New Zealand),Coffee,2019,205.13637,86.4
524,NPL,Nepal,Central and Southern Asia,Coffee,2019,937.3061723,78.3332974
528,NLD,Netherlands,Europe,Coffee,2019,750015.263,122915.5276
531,CUW,Curacao,Latin America and the Caribbean,Coffee,2019,201.294049,14.59934
533,ABW,Aruba,Latin America and the Caribbean,Coffee,2019,0.308394,0.047
534,SXM,Sint Maarten (Dutch part),Latin America and the Caribbean,Coffee,2019,16.506151,0.86683
540,NCL,New Caledonia,Oceania (excl. Australia and New Zealand),Coffee,2019,90.300977,20.0375
548,VUT,Vanuatu,Oceania (excl. Australia and New Zealand),Coffee,2019,158.791263,15.205
554,NZL,New Zealand,Australia and New Zealand,Coffee,2019,5226.081904,640.5374721
558,NIC,Nicaragua,Latin America and the Caribbean,Coffee,2019,490694.6285,170448.7246
562,NER,Niger,Sub-Saharan Africa,Coffee,2019,64.634244,34.39304
566,NGA,Nigeria,Sub-Saharan Africa,Coffee,2019,202.784617,134.855638
568,,"Other Europe, nes",,Coffee,2019,25931.8427,3968.978701
570,NIU,Niue,Oceania (excl. Australia and New Zealand),Coffee,2019,0.470633,0.07911
579,NOR,Norway,Europe,Coffee,2019,5143.146652,775.0363133
586,PAK,Pakistan,Central and Southern Asia,Coffee,2019,63.39515,81.9843
591,PAN,Panama,Latin America and the Caribbean,Coffee,2019,43253.33499,4045.131835
598,PNG,Papua New Guinea,Oceania (excl. Australia and New Zealand),Coffee,2019,140357.4665,47753.48364
600,PRY,Paraguay,Latin America and the Caribbean,Coffee,2019,15.23457,2.8736
604,PER,Peru,Latin America and the Caribbean,Coffee,2019,708513.0151,237036.7845
608,PHL,Philippines,Eastern and South-Eastern Asia (excl. China),Coffee,2019,2182.226001,1015.702856
612,PCN,Pitcairn,Oceania (excl. Australia and New Zealand),Coffee,2019,0.508703,0.060175
616,POL,Poland,Europe,Coffee,2019,328065.3156,62574.16848
620,PRT,Portugal,Europe,Coffee,2019,91536.22652,14912.8706
626,TLS,Timor-Leste,Eastern and South-Eastern Asia (excl. China),Coffee,2019,26224.57088,8516.046279
634,QAT,Qatar,Northern Africa and Western Asia,Coffee,2019,135.100618,19.912267
642,ROU,Romania,Europe,Coffee,2019,11413.01708,1999.79317
643,RUS,Russian Federation,Europe,Coffee,2019,38553.44607,8091.117978
646,RWA,Rwanda,Sub-Saharan Africa,Coffee,2019,102497.9627,35233.32128
652,BLM,Saint-Barthelemy,Latin America and the Caribbean,Coffee,2019,7.114834,23.26
654,SHN,Saint Helena,Sub-Saharan Africa,Coffee,2019,14.142,2.671
659,KNA,Saint Kitts and Nevis,Latin America and the Caribbean,Coffee,2019,78.34348,12
660,AIA,Anguilla,Latin America and the Caribbean,Coffee,2019,9.97524,0.389448
662,LCA,Saint Lucia,Latin America and the Caribbean,Coffee,2019,34.469453,5.07872
670,VCT,Saint Vincent and the Grenadines,Latin America and the Caribbean,Coffee,2019,0.258998,0.030844
674,SMR,San Marino,Europe,Coffee,2019,83.404589,10.84
678,STP,Sao Tome and Principe,Sub-Saharan Africa,Coffee,2019,22.147276,3.0555
682,SAU,Saudi Arabia,Northern Africa and Western Asia,Coffee,2019,4504.701241,967.1699952
686,SEN,Senegal,Sub-Saharan Africa,Coffee,2019,201.601264,43.09927663
688,SRB,Serbia,Europe,Coffee,2019,8013.414256,1544.60914
690,SYC,Seychelles,Sub-Saharan Africa,Coffee,2019,1.67709,0.12
694,SLE,Sierra Leone,Sub-Saharan Africa,Coffee,2019,2860.95288,1829.54581
699,IND,India,Central and Southern Asia,Coffee,2019,533217.9124,235832.6732
702,SGP,Singapore,Eastern and South-Eastern Asia (excl. China),Coffee,2019,39873.8634,7170.790666
703,SVK,Slovakia,Europe,Coffee,2019,111026.3755,21826.86015
704,VNM,Vietnam,Eastern and South-Eastern Asia (excl. China),Coffee,2019,2431504.041,1471420.699
705,SVN,Slovenia,Europe,Coffee,2019,45844.58075,13656.0049
706,SOM,Somalia,Sub-Saharan Africa,Coffee,2019,69.451851,24.862
710,ZAF,South Africa,Sub-Saharan Africa,Coffee,2019,20047.02596,4033.196157
716,ZWE,Zimbabwe,Sub-Saharan Africa,Coffee,2019,3930.398034,816.8137
724,ESP,Spain,Europe,Coffee,2019,313189.3097,52011.87317
729,SDN,Sudan,Northern Africa and Western Asia,Coffee,2019,0.332253,0.047828
740,SUR,Suriname,Latin America and the Caribbean,Coffee,2019,1.734408,1.841
748,SWZ,Eswatini,Sub-Saharan Africa,Coffee,2019,327.3360878,10.41364071
752,SWE,Sweden,Europe,Coffee,2019,129416.0352,24194.0574
757,CHE,Switzerland,Europe,Coffee,2019,2657397.009,114667.8465
760,SYR,Syria,Northern Africa and Western Asia,Coffee,2019,4739.52255,1295.740085
762,TJK,Tajikistan,Central and Southern Asia,Coffee,2019,0.024,0.001
764,THA,Thailand,Eastern and South-Eastern Asia (excl. China),Coffee,2019,6983.464336,1753.676007
768,TGO,Togo,Sub-Saharan Africa,Coffee,2019,9905.39639,5974.981875
772,TKL,Tokelau,Oceania (excl. Australia and New Zealand),Coffee,2019,0.079407,0.01344
776,TON,Tonga,Oceania (excl. Australia and New Zealand),Coffee,2019,10.044463,5.965
780,TTO,Trinidad and Tobago,Latin America and the Caribbean,Coffee,2019,394.9833392,47.86958295
784,ARE,United Arab Emirates,Northern Africa and Western Asia,Coffee,2019,38418.41055,9795.678045
788,TUN,Tunisia,Northern Africa and Western Asia,Coffee,2019,370.733942,38.62740426
792,TUR,Turkey,Northern Africa and Western Asia,Coffee,2019,20793.36631,5610.817586
795,TKM,Turkmenistan,Central and Southern Asia,Coffee,2019,30.84053,7.986
800,UGA,Uganda,Sub-Saharan Africa,Coffee,2019,450583.6294,259509.6285
804,UKR,Ukraine,Europe,Coffee,2019,1447.269393,189.8464346
807,MKD,North Macedonia,Europe,Coffee,2019,2076.274119,378.9241772
818,EGY,Egypt,Northern Africa and Western Asia,Coffee,2019,806.1123562,138.7963145
826,GBR,United Kingdom,Europe,Coffee,2019,329416.5172,39510.90053
834,TZA,Tanzania,Sub-Saharan Africa,Coffee,2019,153408.9242,66987.16848
837,,Bunkers,,Coffee,2019,21.090908,3.21
838,,Free Zones,,Coffee,2019,2354.735888,323.52
839,,Special Categories,,Coffee,2019,133.788347,17.92146
842,USA,United States,Northern America,Coffee,2019,745728.8241,100183.0755
854,BFA,Burkina Faso,Sub-Saharan Africa,Coffee,2019,7.181033,2.02
858,URY,Uruguay,Latin America and the Caribbean,Coffee,2019,298.71934,48.363851
860,UZB,Uzbekistan,Central and Southern Asia,Coffee,2019,0.391861,0.015
862,VEN,Venezuela,Latin America and the Caribbean,Coffee,2019,3316.512728,3180.3097
887,YEM,Yemen,Northern Africa and Western Asia,Coffee,2019,20343.15984,3700.40497
894,ZMB,Zambia,Sub-Saharan Africa,Coffee,2019,5127.618789,1651.762434
899,,"Areas, nes",,Coffee,2019,45098.34852,20290.16883
4,AFG,Afghanistan,Central and Southern Asia,Coffee,2020,4.993388,24.604
8,ALB,Albania,Europe,Coffee,2020,1242.03463,162.4853981
12,DZA,Algeria,Northern Africa and Western Asia,Coffee,2020,43.594841,7.01035
20,AND,Andorra,Europe,Coffee,2020,1.521399,0.375
24,AGO,Angola,Sub-Saharan Africa,Coffee,2020,2748.924033,1659.116784
28,ATG,Antigua and Barbuda,Latin America and the Caribbean,Coffee,2020,36.821252,1.49661696
31,AZE,Azerbaijan,Northern Africa and Western Asia,Coffee,2020,11.8783,0.6898
32,ARG,Argentina,Latin America and the Caribbean,Coffee,2020,1205.859065,203.4592667
36,AUS,Australia,Australia and New Zealand,Coffee,2020,25687.53271,3926.388792
40,AUT,Austria,Europe,Coffee,2020,72425.3781,9724.804363
44,BHS,Bahamas,Latin America and the Caribbean,Coffee,2020,99.31659,32.215658
48,BHR,Bahrain,Northern Africa and Western Asia,Coffee,2020,387.8670482,39.54754207
50,BGD,Bangladesh,Central and Southern Asia,Coffee,2020,,
51,ARM,Armenia,Northern Africa and Western Asia,Coffee,2020,3995.680739,1049.573002
52,BRB,Barbados,Latin America and the Caribbean,Coffee,2020,5.2630654,0.310684376
56,BEL,Belgium,Europe,Coffee,2020,519143.7312,131607.0623
60,BMU,Bermuda,Northern America,Coffee,2020,1.556752,0.09267
64,BTN,Bhutan,Central and Southern Asia,Coffee,2020,125.35857,38.168
68,BOL,Bolivia,Latin America and the Caribbean,Coffee,2020,9685.02758,1434.429945
70,BIH,Bosnia Herzegovina,Europe,Coffee,2020,9065.690325,1899.9269
72,BWA,Botswana,Sub-Saharan Africa,Coffee,2020,2.93997119,0.302667854
74,BVT,Bouvet Island,,Coffee,2020,,
76,BRA,Brazil,Latin America and the Caribbean,Coffee,2020,4978173.888,2245269.645
84,BLZ,Belize,Latin America and the Caribbean,Coffee,2020,254.220914,127.4489
96,BRN,Brunei Darussalam,Eastern and South-Eastern Asia (excl. China),Coffee,2020,9.183963,1.047
100,BGR,Bulgaria,Europe,Coffee,2020,84315.47011,16650.74989
104,MMR,Myanmar,Eastern and South-Eastern Asia (excl. China),Coffee,2020,3039.589412,739.637291
108,BDI,Burundi,Sub-Saharan Africa,Coffee,2020,37804.41648,24999.9195
112,BLR,Belarus,Europe,Coffee,2020,3025.738127,1018.959397
116,KHM,Cambodia,Eastern and South-Eastern Asia (excl. China),Coffee,2020,36.0285,3.8674696
120,CMR,Cameroon,Sub-Saharan Africa,Coffee,2020,33086.81781,22930.10773
124,CAN,Canada,Northern America,Coffee,2020,400704.8257,46736.83416
132,CPV,Cabo Verde,Sub-Saharan Africa,Coffee,2020,81.43496,18.975
136,CYM,Cayman Islands,Latin America and the Caribbean,Coffee,2020,280.380406,52.694083
140,CAF,Central African Republic,Sub-Saharan Africa,Coffee,2020,81.315237,55.253
144,LKA,Sri Lanka,Central and Southern Asia,Coffee,2020,486.6887409,106.0138265
152,CHL,Chile,Latin America and the Caribbean,Coffee,2020,380.743397,74.507755
156,CHN,China,China,Coffee,2020,141660.8299,49992.55836
166,CCK,Cocos Islands,,Coffee,2020,14.16506,3.211
170,COL,Colombia,Latin America and the Caribbean,Coffee,2020,2694504.433,732540.023
174,COM,Comoros,Sub-Saharan Africa,Coffee,2020,0.003728,0.004
178,COG,"Congo, Republic",Sub-Saharan Africa,Coffee,2020,10132.7436,4444.668088
180,COD,"Congo, Democratic Republic",Sub-Saharan Africa,Coffee,2020,19611.28787,9684.649145
184,COK,Cook Islands,Oceania (excl. Australia and New Zealand),Coffee,2020,5.523758,0.352
188,CRI,Costa Rica,Latin America and the Caribbean,Coffee,2020,352863.5197,72330.91387
191,HRV,Croatia,Europe,Coffee,2020,18560.74655,3006.70996
192,CUB,Cuba,Latin America and the Caribbean,Coffee,2020,5309.973178,846.69103
196,CYP,Cyprus,Northern Africa and Western Asia,Coffee,2020,7205.698228,1106.271323
203,CZE,Czech Republic,Europe,Coffee,2020,154675.274,22914.20202
204,BEN,Benin,Sub-Saharan Africa,Coffee,2020,0.987134,1.344
208,DNK,Denmark,Europe,Coffee,2020,71967.03985,7675.016169
212,DMA,Dominica,Latin America and the Caribbean,Coffee,2020,39.723116,5.60024
214,DOM,Dominican Republic,Latin America and the Caribbean,Coffee,2020,7781.901561,1453.818542
218,ECU,Ecuador,Latin America and the Caribbean,Coffee,2020,11159.63482,2384.132742
222,SLV,El Salvador,Latin America and the Caribbean,Coffee,2020,99957.30894,27617.47492
226,GNQ,Equatorial Guinea,Sub-Saharan Africa,Coffee,2020,16.73482,11.363
231,ETH,Ethiopia,Sub-Saharan Africa,Coffee,2020,865619.3265,247086.3294
233,EST,Estonia,Europe,Coffee,2020,18101.88832,2729.452232
234,FRO,Faeroe Islands,Europe,Coffee,2020,0.180766,0.04
242,FJI,Fiji,Oceania (excl. Australia and New Zealand),Coffee,2020,140.0472785,34.0981067
246,FIN,Finland,Europe,Coffee,2020,23818.47905,5071.985125
251,FRA,France,Europe,Coffee,2020,1284567.416,66063.9831
258,PYF,French Polynesia,Oceania (excl. Australia and New Zealand),Coffee,2020,5.9877251,0.265819986
262,DJI,Djibouti,Sub-Saharan Africa,Coffee,2020,4784.497169,1169.3668
266,GAB,Gabon,Sub-Saharan Africa,Coffee,2020,0.977349,0.41535
268,GEO,Georgia,Northern Africa and Western Asia,Coffee,2020,188.7687854,49.96738528
270,GMB,Gambia,Sub-Saharan Africa,Coffee,2020,1.318618,1.687
275,PSE,State of Palestine,Northern Africa and Western Asia,Coffee,2020,5007.143389,1056.649951
276,DEU,Germany,Europe,Coffee,2020,2417658.249,528457.118
288,GHA,Ghana,Sub-Saharan Africa,Coffee,2020,366.796013,156.80795
292,GIB,Gibraltar,Europe,Coffee,2020,0.209582,0.012
300,GRC,Greece,Europe,Coffee,2020,22372.70786,2909.309249
308,GRD,Grenada,Latin America and the Caribbean,Coffee,2020,13.415219,4.539
316,GUM,Guam,Oceania (excl. Australia and New Zealand),Coffee,2020,3.202727,1.005601
320,GTM,Guatemala,Latin America and the Caribbean,Coffee,2020,752785.6681,195302.7296
324,GIN,Guinea,Sub-Saharan Africa,Coffee,2020,7723.337397,8013.301051
328,GUY,Guyana,Latin America and the Caribbean,Coffee,2020,10.217559,1.431
332,HTI,Haiti,Latin America and the Caribbean,Coffee,2020,931.047188,109.97706
340,HND,Honduras,Latin America and the Caribbean,Coffee,2020,990107.7149,341890.1631
344,HKG,"China, Hong Kong SAR",China,Coffee,2020,4463.526726,743.7616964
348,HUN,Hungary,Europe,Coffee,2020,25827.19978,5177.05349
352,ISL,Iceland,Europe,Coffee,2020,65.09739872,12.77807981
360,IDN,Indonesia,Eastern and South-Eastern Asia (excl. China),Coffee,2020,856630.2505,349326.1443
364,IRN,Iran,Central and Southern Asia,Coffee,2020,143.52751,57.488542
368,IRQ,Iraq,Northern Africa and Western Asia,Coffee,2020,13.84939,2.207
372,IRL,Ireland,Europe,Coffee,2020,30678.53015,3931.077521
376,ISR,Israel,Northern Africa and Western Asia,Coffee,2020,8874.624093,1145.837066
381,ITA,Italy,Europe,Coffee,2020,1731408.277,244697.9282
384,CIV,Cote d'Ivoire,Sub-Saharan Africa,Coffee,2020,101662.5392,72010.51504
388,JAM,Jamaica,Latin America and the Caribbean,Coffee,2020,20526.02073,788.5540177
392,JPN,Japan,Eastern and South-Eastern Asia (excl. China),Coffee,2020,37657.01326,2732.995752
398,KAZ,Kazakhstan,Central and Southern Asia,Coffee,2020,42.8326786,9.59758342
400,JOR,Jordan,Northern Africa and Western Asia,Coffee,2020,9332.526833,1000.053218
404,KEN,Kenya,Sub-Saharan Africa,Coffee,2020,231932.6265,52063.63394
408,PRK,"Korea, Democratic People’s Republic",Eastern and South-Eastern Asia (excl. China),Coffee,2020,3.116885,0.498354
410,KOR,"Korea, Republic",Eastern and South-Eastern Asia (excl. China),Coffee,2020,4384.245324,709.893304
414,KWT,Kuwait,Northern Africa and Western Asia,Coffee,2020,3755.803503,484.5500078
417,KGZ,Kyrgyzstan,Central and Southern Asia,Coffee,2020,38.506066,2.95386
418,LAO,Lao PDR,Eastern and South-Eastern Asia (excl. China),Coffee,2020,98725.35458,39240.36131
422,LBN,Lebanon,Northern Africa and Western Asia,Coffee,2020,21911.12366,2672.040927
426,LSO,Lesotho,Sub-Saharan Africa,Coffee,2020,13.43198782,1.700304206
428,LVA,Latvia,Europe,Coffee,2020,35617.2165,5164.883494
430,LBR,Liberia,Sub-Saharan Africa,Coffee,2020,0.824414,0.69823
434,LBY,Libya,Northern Africa and Western Asia,Coffee,2020,0.019386,0.001
440,LTU,Lithuania,Europe,Coffee,2020,58733.46855,7679.459248
442,LUX,Luxembourg,Europe,Coffee,2020,46131.91577,7076.83671
446,MAC,"China, Macao SAR",China,Coffee,2020,1276.371556,285.46179
450,MDG,Madagascar,Sub-Saharan Africa,Coffee,2020,3851.586526,2752.722846
454,MWI,Malawi,Sub-Saharan Africa,Coffee,2020,3575.965864,1064.107885
458,MYS,Malaysia,Eastern and South-Eastern Asia (excl. China),Coffee,2020,110903.0704,18829.9327
466,MLI,Mali,Sub-Saharan Africa,Coffee,2020,0.495906,0.489
470,MLT,Malta,Europe,Coffee,2020,490.8045346,106.6846306
478,MRT,Mauritania,Sub-Saharan Africa,Coffee,2020,8.787595,6.473
480,MUS,Mauritius,Sub-Saharan Africa,Coffee,2020,309.5839178,19.00413785
484,MEX,Mexico,Latin America and the Caribbean,Coffee,2020,396123.778,121204.1988
490,,"Other Asia, nes",,Coffee,2020,12215.01446,1660.985023
496,MNG,Mongolia,Eastern and South-Eastern Asia (excl. China),Coffee,2020,0.124563,0.0106
498,MDA,Moldova,Europe,Coffee,2020,263.3570729,20.89913775
499,MNE,Montenegro,Europe,Coffee,2020,75.19010652,15.02375202
504,MAR,Morocco,Northern Africa and Western Asia,Coffee,2020,3304.080631,458.613546
508,MOZ,Mozambique,Sub-Saharan Africa,Coffee,2020,92.6344424,19.6137948
512,OMN,Oman,Northern Africa and Western Asia,Coffee,2020,2600.616286,1022.307539
516,NAM,Namibia,Sub-Saharan Africa,Coffee,2020,18.97313534,5.24239409
524,NPL,Nepal,Central and Southern Asia,Coffee,2020,652.373223,58.17397396
528,NLD,Netherlands,Europe,Coffee,2020,760599.9318,116997.1242
531,CUW,Curacao,Latin America and the Caribbean,Coffee,2020,66.177075,10.219
533,ABW,Aruba,Latin America and the Caribbean,Coffee,2020,30.221788,4.197
534,SXM,Sint Maarten (Dutch part),Latin America and the Caribbean,Coffee,2020,4.81885,0.15784
540,NCL,New Caledonia,Oceania (excl. Australia and New Zealand),Coffee,2020,179.65529,53.549
548,VUT,Vanuatu,Oceania (excl. Australia and New Zealand),Coffee,2020,208.300871,22.798
554,NZL,New Zealand,Australia and New Zealand,Coffee,2020,6015.868379,721.6196498
558,NIC,Nicaragua,Latin America and the Caribbean,Coffee,2020,477669.2169,151459.3847
562,NER,Niger,Sub-Saharan Africa,Coffee,2020,37.935949,6.147
566,NGA,Nigeria,Sub-Saharan Africa,Coffee,2020,1768.949198,1005.191577
568,,"Other Europe, nes",,Coffee,2020,20453.45276,3266.720288
579,NOR,Norway,Europe,Coffee,2020,6266.04921,986.9302888
581,UMI,United States Minor Outlying Islands,,Coffee,2020,0.064822,0.0093
584,MHL,Marshall Islands,Oceania (excl. Australia and New Zealand),Coffee,2020,0.443195,0.1272
586,PAK,Pakistan,Central and Southern Asia,Coffee,2020,16.521694,1.041507
591,PAN,Panama,Latin America and the Caribbean,Coffee,2020,30462.22229,3259.066421
598,PNG,Papua New Guinea,Oceania (excl. Australia and New Zealand),Coffee,2020,121187.9844,38554.96903
600,PRY,Paraguay,Latin America and the Caribbean,Coffee,2020,7.726077,1.491429
604,PER,Peru,Latin America and the Caribbean,Coffee,2020,695856.3975,216391.0778
608,PHL,Philippines,Eastern and South-Eastern Asia (excl. China),Coffee,2020,3189.581051,1223.911049
616,POL,Poland,Europe,Coffee,2020,343078.7572,61422.67476
620,PRT,Portugal,Europe,Coffee,2020,101377.3725,15071.06302
626,TLS,Timor-Leste,Eastern and South-Eastern Asia (excl. China),Coffee,2020,20336.16962,5663.442467
634,QAT,Qatar,Northern Africa and Western Asia,Coffee,2020,400.052411,13.616822
637,,"North America and Central America, nes",,Coffee,2020,19.182775,0.4
642,ROU,Romania,Europe,Coffee,2020,11623.99073,1788.277942
643,RUS,Russian Federation,Europe,Coffee,2020,51443.80742,10832.94894
646,RWA,Rwanda,Sub-Saharan Africa,Coffee,2020,73987.41009,20806.35374
654,SHN,Saint Helena,Sub-Saharan Africa,Coffee,2020,,
659,KNA,Saint Kitts and Nevis,Latin America and the Caribbean,Coffee,2020,112.28528,40.602799
662,LCA,Saint Lucia,Latin America and the Caribbean,Coffee,2020,13.6582587,2.06986855
670,VCT,Saint Vincent and the Grenadines,Latin America and the Caribbean,Coffee,2020,0.4074,0.02
674,SMR,San Marino,Europe,Coffee,2020,59.010681,7.191
678,STP,Sao Tome and Principe,Sub-Saharan Africa,Coffee,2020,19.713424,2.5487912
682,SAU,Saudi Arabia,Northern Africa and Western Asia,Coffee,2020,10916.23069,2649.393477
686,SEN,Senegal,Sub-Saharan Africa,Coffee,2020,437.0253198,111.3679279
688,SRB,Serbia,Europe,Coffee,2020,12243.97034,2374.098011
694,SLE,Sierra Leone,Sub-Saharan Africa,Coffee,2020,5006.806585,3042.46765
699,IND,India,Central and Southern Asia,Coffee,2020,476362.0617,200695.4379
702,SGP,Singapore,Eastern and South-Eastern Asia (excl. China),Coffee,2020,33161.84318,6607.79828
703,SVK,Slovakia,Europe,Coffee,2020,97053.17775,20287.17169
704,VNM,Vietnam,Eastern and South-Eastern Asia (excl. China),Coffee,2020,2247091.019,1336904.108
705,SVN,Slovenia,Europe,Coffee,2020,44984.00875,13946.20752
706,SOM,Somalia,Sub-Saharan Africa,Coffee,2020,1.331709,0.517044
710,ZAF,South Africa,Sub-Saharan Africa,Coffee,2020,16089.93613,4465.597191
716,ZWE,Zimbabwe,Sub-Saharan Africa,Coffee,2020,2608.870305,474.9325902
724,ESP,Spain,Europe,Coffee,2020,354557.2746,65161.75899
728,SSD,South Sudan,Sub-Saharan Africa,Coffee,2020,1.004,0.192
729,SDN,Sudan,Northern Africa and Western Asia,Coffee,2020,1.142993,0.112
740,SUR,Suriname,Latin America and the Caribbean,Coffee,2020,91.349846,19.843
748,SWZ,Eswatini,Sub-Saharan Africa,Coffee,2020,139.8929948,3.403434894
752,SWE,Sweden,Europe,Coffee,2020,131001.7287,22827.87727
757,CHE,Switzerland,Europe,Coffee,2020,2827853.383,104890.5867
760,SYR,Syria,Northern Africa and Western Asia,Coffee,2020,5298.599196,1384.284914
764,THA,Thailand,Eastern and South-Eastern Asia (excl. China),Coffee,2020,4304.259874,679.0557799
768,TGO,Togo,Sub-Saharan Africa,Coffee,2020,6157.518615,3696.24884
780,TTO,Trinidad and Tobago,Latin America and the Caribbean,Coffee,2020,769.1027348,193.6976863
784,ARE,United Arab Emirates,Northern Africa and Western Asia,Coffee,2020,47702.53771,11431.22635
788,TUN,Tunisia,Northern Africa and Western Asia,Coffee,2020,95.3289327,8.51564286
792,TUR,Turkey,Northern Africa and Western Asia,Coffee,2020,31757.94478,8917.88251
796,TCA,Turks and Caicos Islands,Latin America and the Caribbean,Coffee,2020,,
800,UGA,Uganda,Sub-Saharan Africa,Coffee,2020,528049.4842,308973.6746
804,UKR,Ukraine,Europe,Coffee,2020,1634.695676,326.847178
807,MKD,North Macedonia,Europe,Coffee,2020,1735.544661,345.5940818
818,EGY,Egypt,Northern Africa and Western Asia,Coffee,2020,1934.598724,279.4459561
826,GBR,United Kingdom,Europe,Coffee,2020,341191.7747,39731.43464
834,TZA,Tanzania,Sub-Saharan Africa,Coffee,2020,148744.2746,60356.63497
837,,Bunkers,,Coffee,2020,29.385277,5.345
838,,Free Zones,,Coffee,2020,3098.86096,385.66656
839,,Special Categories,,Coffee,2020,17.137623,2.15474
842,USA,United States,Northern America,Coffee,2020,771152.1682,109909.1955
854,BFA,Burkina Faso,Sub-Saharan Africa,Coffee,2020,5.107307,0.117
858,URY,Uruguay,Latin America and the Caribbean,Coffee,2020,357.5742374,55.985774
860,UZB,Uzbekistan,Central and Southern Asia,Coffee,2020,35.0089314,1.7310265
862,VEN,Venezuela,Latin America and the Caribbean,Coffee,2020,5162.231002,2182.54333
882,WSM,Samoa,Oceania (excl. Australia and New Zealand),Coffee,2020,0.00843,0.005
887,YEM,Yemen,Northern Africa and Western Asia,Coffee,2020,21683.57028,4396.683202
894,ZMB,Zambia,Sub-Saharan Africa,Coffee,2020,7765.616999,2272.711935
899,,"Areas, nes",,Coffee,2020,18720.78581,8550.961549
4,AFG,Afghanistan,Central and Southern Asia,Coffee,2021,24.91494,49.801
8,ALB,Albania,Europe,Coffee,2021,1501.699358,197.912616
12,DZA,Algeria,Northern Africa and Western Asia,Coffee,2021,197.444805,42.771318
20,AND,Andorra,Europe,Coffee,2021,0.56182441,0.038528755
24,AGO,Angola,Sub-Saharan Africa,Coffee,2021,2332.8517,1278.706894
28,ATG,Antigua and Barbuda,Latin America and the Caribbean,Coffee,2021,49.4334658,1.88264489
31,AZE,Azerbaijan,Northern Africa and Western Asia,Coffee,2021,,
32,ARG,Argentina,Latin America and the Caribbean,Coffee,2021,734.731696,123.531238
36,AUS,Australia,Australia and New Zealand,Coffee,2021,25644.7139,3010.52184
40,AUT,Austria,Europe,Coffee,2021,83390.28669,10701.47616
44,BHS,Bahamas,Latin America and the Caribbean,Coffee,2021,,
48,BHR,Bahrain,Northern Africa and Western Asia,Coffee,2021,401.2216682,31.76680249
50,BGD,Bangladesh,Central and Southern Asia,Coffee,2021,,
51,ARM,Armenia,Northern Africa and Western Asia,Coffee,2021,4756.373257,1371.425815
52,BRB,Barbados,Latin America and the Caribbean,Coffee,2021,17.79197463,4.038110002
56,BEL,Belgium,Europe,Coffee,2021,616413.2288,133189.2979
60,BMU,Bermuda,Northern America,Coffee,2021,0.104439,0.0025
64,BTN,Bhutan,Central and Southern Asia,Coffee,2021,38.176713,14.67227
68,BOL,Bolivia,Latin America and the Caribbean,Coffee,2021,9757.084868,1528.946316
70,BIH,Bosnia Herzegovina,Europe,Coffee,2021,8741.980028,1752.242197
72,BWA,Botswana,Sub-Saharan Africa,Coffee,2021,28.43386526,4.675225322
76,BRA,Brazil,Latin America and the Caribbean,Coffee,2021,6003456.379,2307285.752
84,BLZ,Belize,Latin America and the Caribbean,Coffee,2021,722.960308,262.437288
90,SLB,Solomon Islands,Oceania (excl. Australia and New Zealand),Coffee,2021,,
92,VGB,British Virgin Islands,Latin America and the Caribbean,Coffee,2021,,
96,BRN,Brunei Darussalam,Eastern and South-Eastern Asia (excl. China),Coffee,2021,0.128073,0.041279
100,BGR,Bulgaria,Europe,Coffee,2021,87089.65757,16559.27931
104,MMR,Myanmar,Eastern and South-Eastern Asia (excl. China),Coffee,2021,3566.439928,1227.590304
108,BDI,Burundi,Sub-Saharan Africa,Coffee,2021,38356.58718,12404.09487
112,BLR,Belarus,Europe,Coffee,2021,7060.969597,1828.075521
116,KHM,Cambodia,Eastern and South-Eastern Asia (excl. China),Coffee,2021,62.030961,9.85227
120,CMR,Cameroon,Sub-Saharan Africa,Coffee,2021,29534.7827,18443.49656
124,CAN,Canada,Northern America,Coffee,2021,526153.3312,62977.71554
132,CPV,Cabo Verde,Sub-Saharan Africa,Coffee,2021,4.599086,0.7
136,CYM,Cayman Islands,Latin America and the Caribbean,Coffee,2021,0.381739,0.018823
140,CAF,Central African Republic,Sub-Saharan Africa,Coffee,2021,418.963337,190.015
144,LKA,Sri Lanka,Central and Southern Asia,Coffee,2021,1126.150224,235.2640696
148,TCD,Chad,Sub-Saharan Africa,Coffee,2021,0.593736,0.004016
152,CHL,Chile,Latin America and the Caribbean,Coffee,2021,902.3581217,189.7632537
156,CHN,China,China,Coffee,2021,106276.1632,27424.49194
166,CCK,Cocos Islands,,Coffee,2021,0.021289,0.002
170,COL,Colombia,Latin America and the Caribbean,Coffee,2021,3359230.667,734548.8996
174,COM,Comoros,Sub-Saharan Africa,Coffee,2021,0.027,0.0012
178,COG,"Congo, Republic",Sub-Saharan Africa,Coffee,2021,13760.2563,4582.18187
180,COD,"Congo, Democratic Republic",Sub-Saharan Africa,Coffee,2021,21446.4262,8686.356463
188,CRI,Costa Rica,Latin America and the Caribbean,Coffee,2021,354297.8246,70708.10772
191,HRV,Croatia,Europe,Coffee,2021,14781.56737,2632.452654
192,CUB,Cuba,Latin America and the Caribbean,Coffee,2021,4774.36447,807.03039
196,CYP,Cyprus,Northern Africa and Western Asia,Coffee,2021,5281.535354,839.8681951
203,CZE,Czech Republic,Europe,Coffee,2021,164776.5401,19792.08572
204,BEN,Benin,Sub-Saharan Africa,Coffee,2021,1.53434,2.009
208,DNK,Denmark,Europe,Coffee,2021,94098.29779,9345.990892
212,DMA,Dominica,Latin America and the Caribbean,Coffee,2021,69.972926,12.113628
214,DOM,Dominican Republic,Latin America and the Caribbean,Coffee,2021,12455.52811,2338.339488
218,ECU,Ecuador,Latin America and the Caribbean,Coffee,2021,18056.87062,4283.790061
222,SLV,El Salvador,Latin America and the Caribbean,Coffee,2021,118025.4343,29684.48128
231,ETH,Ethiopia,Sub-Saharan Africa,Coffee,2021,1181529.303,295471.8481
232,ERI,Eritrea,Sub-Saharan Africa,Coffee,2021,0.041396,0.004
233,EST,Estonia,Europe,Coffee,2021,14870.1668,2254.084341
234,FRO,Faeroe Islands,Europe,Coffee,2021,4.467057,0.068
238,FLK,Falkland Islands (Malvinas),Latin America and the Caribbean,Coffee,2021,0.021289,0.000144
239,SGS,South Georgia and the South Sandwich Islands,,Coffee,2021,0.024838,0.001
242,FJI,Fiji,Oceania (excl. Australia and New Zealand),Coffee,2021,371.082536,105.6529778
246,FIN,Finland,Europe,Coffee,2021,31478.04986,6117.507267
251,FRA,France,Europe,Coffee,2021,1293460.859,67914.8479
258,PYF,French Polynesia,Oceania (excl. Australia and New Zealand),Coffee,2021,9.417789,0.95732256
262,DJI,Djibouti,Sub-Saharan Africa,Coffee,2021,6424.987034,1415.092
266,GAB,Gabon,Sub-Saharan Africa,Coffee,2021,21.290046,4.033993
268,GEO,Georgia,Northern Africa and Western Asia,Coffee,2021,416.740785,114.1514322
270,GMB,Gambia,Sub-Saharan Africa,Coffee,2021,1.18694,1.369
275,PSE,State of Palestine,Northern Africa and Western Asia,Coffee,2021,3805.663949,770.2356136
276,DEU,Germany,Europe,Coffee,2021,2638925.217,540428.7704
288,GHA,Ghana,Sub-Saharan Africa,Coffee,2021,118.073628,54.421613
300,GRC,Greece,Europe,Coffee,2021,28861.99239,3616.756483
308,GRD,Grenada,Latin America and the Caribbean,Coffee,2021,0.334444,0.031
316,GUM,Guam,Oceania (excl. Australia and New Zealand),Coffee,2021,0.155931,0.01066
320,GTM,Guatemala,Latin America and the Caribbean,Coffee,2021,997152.6694,225586.921
324,GIN,Guinea,Sub-Saharan Africa,Coffee,2021,3186.804991,4371.719643
328,GUY,Guyana,Latin America and the Caribbean,Coffee,2021,1.4642662,0.158025146
332,HTI,Haiti,Latin America and the Caribbean,Coffee,2021,1021.065358,132.287816
340,HND,Honduras,Latin America and the Caribbean,Coffee,2021,1318707.037,384860.3067
344,HKG,"China, Hong Kong SAR",China,Coffee,2021,3557.222769,571.9074639
348,HUN,Hungary,Europe,Coffee,2021,28284.73137,4644.875891
352,ISL,Iceland,Europe,Coffee,2021,57.21051599,10.94208534
360,IDN,Indonesia,Eastern and South-Eastern Asia (excl. China),Coffee,2021,877238.271,351578.134
364,IRN,Iran,Central and Southern Asia,Coffee,2021,76.0272473,154.1219133
368,IRQ,Iraq,Northern Africa and Western Asia,Coffee,2021,34.903853,4.333735
372,IRL,Ireland,Europe,Coffee,2021,35632.75362,4245.264188
376,ISR,Israel,Northern Africa and Western Asia,Coffee,2021,12507.50102,1549.460075
381,ITA,Italy,Europe,Coffee,2021,2111546.372,278310.6435
384,CIV,Cote d'Ivoire,Sub-Saharan Africa,Coffee,2021,45311.00903,31365.37838
388,JAM,Jamaica,Latin America and the Caribbean,Coffee,2021,22605.43929,832.3101052
392,JPN,Japan,Eastern and South-Eastern Asia (excl. China),Coffee,2021,44314.07707,3224.971982
398,KAZ,Kazakhstan,Central and Southern Asia,Coffee,2021,65.6367336,8.23989412
400,JOR,Jordan,Northern Africa and Western Asia,Coffee,2021,14117.09556,1909.499943
404,KEN,Kenya,Sub-Saharan Africa,Coffee,2021,260120.0421,49959.47903
408,PRK,"Korea, Democratic People’s Republic",Eastern and South-Eastern Asia (excl. China),Coffee,2021,3.194659,0.56762
410,KOR,"Korea, Republic",Eastern and South-Eastern Asia (excl. China),Coffee,2021,6581.029943,925.8696171
414,KWT,Kuwait,Northern Africa and Western Asia,Coffee,2021,4613.945407,691.0211373
417,KGZ,Kyrgyzstan,Central and Southern Asia,Coffee,2021,115.5708879,7.202394837
418,LAO,Lao PDR,Eastern and South-Eastern Asia (excl. China),Coffee,2021,110570.6217,37063.70394
422,LBN,Lebanon,Northern Africa and Western Asia,Coffee,2021,21473.19907,2903.198509
426,LSO,Lesotho,Sub-Saharan Africa,Coffee,2021,7.579497,4.045344
428,LVA,Latvia,Europe,Coffee,2021,33218.59434,4506.234847
430,LBR,Liberia,Sub-Saharan Africa,Coffee,2021,48.646083,52.0025
434,LBY,Libya,Northern Africa and Western Asia,Coffee,2021,43.463481,9.666759
440,LTU,Lithuania,Europe,Coffee,2021,60430.86952,7663.779395
442,LUX,Luxembourg,Europe,Coffee,2021,44717.12199,6402.600861
446,MAC,"China, Macao SAR",China,Coffee,2021,1884.985387,414.767171
450,MDG,Madagascar,Sub-Saharan Africa,Coffee,2021,1427.183039,1019.558578
454,MWI,Malawi,Sub-Saharan Africa,Coffee,2021,3800.073907,904.6952237
458,MYS,Malaysia,Eastern and South-Eastern Asia (excl. China),Coffee,2021,97391.62044,17362.89998
462,MDV,Maldives,Central and Southern Asia,Coffee,2021,5.944051,0.30047
466,MLI,Mali,Sub-Saharan Africa,Coffee,2021,0.220545,0.1
470,MLT,Malta,Europe,Coffee,2021,383.8599146,87.92299331
480,MUS,Mauritius,Sub-Saharan Africa,Coffee,2021,638.0380893,68.05406333
484,MEX,Mexico,Latin America and the Caribbean,Coffee,2021,430891.067,108724.4231
490,,"Other Asia, nes",,Coffee,2021,14371.60664,1927.667915
496,MNG,Mongolia,Eastern and South-Eastern Asia (excl. China),Coffee,2021,0.015826,0.00716
498,MDA,Moldova,Europe,Coffee,2021,538.177537,42.21742335
499,MNE,Montenegro,Europe,Coffee,2021,40.8498014,2.888138077
504,MAR,Morocco,Northern Africa and Western Asia,Coffee,2021,3356.227801,416.6206513
508,MOZ,Mozambique,Sub-Saharan Africa,Coffee,2021,52.548526,8.9885
512,OMN,Oman,Northern Africa and Western Asia,Coffee,2021,1047.673928,371.4806759
516,NAM,Namibia,Sub-Saharan Africa,Coffee,2021,20.96966025,3.08340878
520,NRU,Nauru,Oceania (excl. Australia and New Zealand),Coffee,2021,0.27704,0.020098
524,NPL,Nepal,Central and Southern Asia,Coffee,2021,901.8333161,67.7806826
528,NLD,Netherlands,Europe,Coffee,2021,850578.3197,120201.0895
531,CUW,Curacao,Latin America and the Caribbean,Coffee,2021,23.077159,2.085965
533,ABW,Aruba,Latin America and the Caribbean,Coffee,2021,1.650279,0.528
534,SXM,Sint Maarten (Dutch part),Latin America and the Caribbean,Coffee,2021,29.902919,1.49863
540,NCL,New Caledonia,Oceania (excl. Australia and New Zealand),Coffee,2021,63.330233,26.307044
548,VUT,Vanuatu,Oceania (excl. Australia and New Zealand),Coffee,2021,226.222165,20.3275
554,NZL,New Zealand,Australia and New Zealand,Coffee,2021,4240.282037,438.0322581
558,NIC,Nicaragua,Latin America and the Caribbean,Coffee,2021,562771.075,156897.3137
562,NER,Niger,Sub-Saharan Africa,Coffee,2021,232.834674,41.7024
566,NGA,Nigeria,Sub-Saharan Africa,Coffee,2021,251.974242,179.865152
568,,"Other Europe, nes",,Coffee,2021,47999.37195,6978.43258
570,NIU,Niue,Oceania (excl. Australia and New Zealand),Coffee,2021,73.882,16.336
579,NOR,Norway,Europe,Coffee,2021,5394.749755,750.1406959
581,UMI,United States Minor Outlying Islands,,Coffee,2021,0.423409,0.023004
586,PAK,Pakistan,Central and Southern Asia,Coffee,2021,142.927167,132.47093
591,PAN,Panama,Latin America and the Caribbean,Coffee,2021,41582.00953,2594.105153
598,PNG,Papua New Guinea,Oceania (excl. Australia and New Zealand),Coffee,2021,173010.3091,42824.89818
600,PRY,Paraguay,Latin America and the Caribbean,Coffee,2021,3.183969,0.374215
604,PER,Peru,Latin America and the Caribbean,Coffee,2021,747670.827,185724.5678
608,PHL,Philippines,Eastern and South-Eastern Asia (excl. China),Coffee,2021,1344.803485,787.1093994
612,PCN,Pitcairn,Oceania (excl. Australia and New Zealand),Coffee,2021,0.029,0.014
616,POL,Poland,Europe,Coffee,2021,386266.5514,63610.16563
620,PRT,Portugal,Europe,Coffee,2021,128244.0857,17867.54051
626,TLS,Timor-Leste,Eastern and South-Eastern Asia (excl. China),Coffee,2021,34327.28783,8638.187151
634,QAT,Qatar,Northern Africa and Western Asia,Coffee,2021,238.229088,18.626699
642,ROU,Romania,Europe,Coffee,2021,15792.65892,2686.795024
643,RUS,Russian Federation,Europe,Coffee,2021,68187.28173,13981.05999
646,RWA,Rwanda,Sub-Saharan Africa,Coffee,2021,103201.4381,23035.14417
654,SHN,Saint Helena,Sub-Saharan Africa,Coffee,2021,27.71598,0.238
659,KNA,Saint Kitts and Nevis,Latin America and the Caribbean,Coffee,2021,16.177824,1.819
662,LCA,Saint Lucia,Latin America and the Caribbean,Coffee,2021,6.878441,1.6619
670,VCT,Saint Vincent and the Grenadines,Latin America and the Caribbean,Coffee,2021,0.54865,0.006
674,SMR,San Marino,Europe,Coffee,2021,87.171985,9.982
678,STP,Sao Tome and Principe,Sub-Saharan Africa,Coffee,2021,17.985719,1.67986
682,SAU,Saudi Arabia,Northern Africa and Western Asia,Coffee,2021,17815.55253,3670.90243
686,SEN,Senegal,Sub-Saharan Africa,Coffee,2021,385.1326161,126.8325147
688,SRB,Serbia,Europe,Coffee,2021,11139.89918,1928.355046
694,SLE,Sierra Leone,Sub-Saharan Africa,Coffee,2021,3073.564982,1722.706377
699,IND,India,Central and Southern Asia,Coffee,2021,615680.7437,248310.1196
702,SGP,Singapore,Eastern and South-Eastern Asia (excl. China),Coffee,2021,40647.15212,6381.355031
703,SVK,Slovakia,Europe,Coffee,2021,77113.03763,15399.19473
704,VNM,Vietnam,Eastern and South-Eastern Asia (excl. China),Coffee,2021,2337940.241,1259818.395
705,SVN,Slovenia,Europe,Coffee,2021,51383.79223,13659.21905
706,SOM,Somalia,Sub-Saharan Africa,Coffee,2021,7.480662,4.739281
710,ZAF,South Africa,Sub-Saharan Africa,Coffee,2021,21398.01347,4852.119768
716,ZWE,Zimbabwe,Sub-Saharan Africa,Coffee,2021,1302.05827,225.07507
724,ESP,Spain,Europe,Coffee,2021,368784.3743,64262.49661
728,SSD,South Sudan,Sub-Saharan Africa,Coffee,2021,7.31064,1.2136
729,SDN,Sudan,Northern Africa and Western Asia,Coffee,2021,0.4296,0.046064
740,SUR,Suriname,Latin America and the Caribbean,Coffee,2021,0.542934,0.06145
748,SWZ,Eswatini,Sub-Saharan Africa,Coffee,2021,45.4493586,3.280310824
752,SWE,Sweden,Europe,Coffee,2021,150273.5053,23984.6766
757,CHE,Switzerland,Europe,Coffee,2021,3558072.606,124144.0738
760,SYR,Syria,Northern Africa and Western Asia,Coffee,2021,6078.254795,1778.19238
764,THA,Thailand,Eastern and South-Eastern Asia (excl. China),Coffee,2021,4769.666928,744.6428535
768,TGO,Togo,Sub-Saharan Africa,Coffee,2021,4560.526904,2992.72093
776,TON,Tonga,Oceania (excl. Australia and New Zealand),Coffee,2021,0.166766,0.018
780,TTO,Trinidad and Tobago,Latin America and the Caribbean,Coffee,2021,943.3623392,190.0560338
784,ARE,United Arab Emirates,Northern Africa and Western Asia,Coffee,2021,67208.4387,14961.62807
788,TUN,Tunisia,Northern Africa and Western Asia,Coffee,2021,169.3959103,19.87034217
792,TUR,Turkey,Northern Africa and Western Asia,Coffee,2021,36800.81003,8476.214058
795,TKM,Turkmenistan,Central and Southern Asia,Coffee,2021,2.6685,3.6
796,TCA,Turks and Caicos Islands,Latin America and the Caribbean,Coffee,2021,0.120544,0.025
800,UGA,Uganda,Sub-Saharan Africa,Coffee,2021,705658.848,380775.3532
804,UKR,Ukraine,Europe,Coffee,2021,1746.881126,259.3828603
807,MKD,North Macedonia,Europe,Coffee,2021,2291.107428,441.3694195
818,EGY,Egypt,Northern Africa and Western Asia,Coffee,2021,1860.79215,330.9770782
826,GBR,United Kingdom,Europe,Coffee,2021,358912.012,43031.83297
834,TZA,Tanzania,Sub-Saharan Africa,Coffee,2021,182103.6487,72710.62779
837,,Bunkers,,Coffee,2021,34.4343,5.113
838,,Free Zones,,Coffee,2021,6001.975,719.37673
839,,Special Categories,,Coffee,2021,8.624655,4.50724
842,USA,United States,Northern America,Coffee,2021,823186.3224,112772.1366
854,BFA,Burkina Faso,Sub-Saharan Africa,Coffee,2021,12.431702,10.881
858,URY,Uruguay,Latin America and the Caribbean,Coffee,2021,5724.330948,586.963727
860,UZB,Uzbekistan,Central and Southern Asia,Coffee,2021,25.75,2.251
862,VEN,Venezuela,Latin America and the Caribbean,Coffee,2021,11572.96765,3256.565682
882,WSM,Samoa,Oceania (excl. Australia and New Zealand),Coffee,2021,1.86490332,0.074886557
887,YEM,Yemen,Northern Africa and Western Asia,Coffee,2021,28206.29529,5181.872439
894,ZMB,Zambia,Sub-Saharan Africa,Coffee,2021,13993.09271,3125.068843
899,,"Areas, nes",,Coffee,2021,35322.03097,10951.77157
4,AFG,Afghanistan,Central and Southern Asia,Coffee,2022,,
8,ALB,Albania,Europe,Coffee,2022,1099.099494,108.494149
12,DZA,Algeria,Northern Africa and Western Asia,Coffee,2022,67.446811,11.385728
16,ASM,American Samoa,Oceania (excl. Australia and New Zealand),Coffee,2022,,
20,AND,Andorra,Europe,Coffee,2022,0.1579,0.04044
24,AGO,Angola,Sub-Saharan Africa,Coffee,2022,1696.939489,774.704517
28,ATG,Antigua and Barbuda,Latin America and the Caribbean,Coffee,2022,65.63606,2.02243
31,AZE,Azerbaijan,Northern Africa and Western Asia,Coffee,2022,10.888758,0.855
32,ARG,Argentina,Latin America and the Caribbean,Coffee,2022,1561.539854,176.540823
36,AUS,Australia,Australia and New Zealand,Coffee,2022,23342.61498,2405.163726
40,AUT,Austria,Europe,Coffee,2022,113720.0222,15270.11689
44,BHS,Bahamas,Latin America and the Caribbean,Coffee,2022,3.079999,0.599735
48,BHR,Bahrain,Northern Africa and Western Asia,Coffee,2022,620.0121095,52.73556693
50,BGD,Bangladesh,Central and Southern Asia,Coffee,2022,,
51,ARM,Armenia,Northern Africa and Western Asia,Coffee,2022,21912.60904,4934.093744
52,BRB,Barbados,Latin America and the Caribbean,Coffee,2022,169.111947,12.588847
56,BEL,Belgium,Europe,Coffee,2022,762443.6815,139698.269
60,BMU,Bermuda,Northern America,Coffee,2022,0.15,0.007
64,BTN,Bhutan,Central and Southern Asia,Coffee,2022,107.287101,21.602
68,BOL,Bolivia,Latin America and the Caribbean,Coffee,2022,15906.11333,2360.600004
70,BIH,Bosnia Herzegovina,Europe,Coffee,2022,8271.333967,1472.987185
72,BWA,Botswana,Sub-Saharan Africa,Coffee,2022,75.0763313,16.46697877
76,BRA,Brazil,Latin America and the Caribbean,Coffee,2022,9220311.413,2201930.527
84,BLZ,Belize,Latin America and the Caribbean,Coffee,2022,1246.089338,256.609162
86,IOT,British Indian Ocean Territory,,Coffee,2022,,
90,SLB,Solomon Islands,Oceania (excl. Australia and New Zealand),Coffee,2022,,
92,VGB,British Virgin Islands,Latin America and the Caribbean,Coffee,2022,,
96,BRN,Brunei Darussalam,Eastern and South-Eastern Asia (excl. China),Coffee,2022,145.033057,21.661826
100,BGR,Bulgaria,Europe,Coffee,2022,94872.27342,14020.51504
104,MMR,Myanmar,Eastern and South-Eastern Asia (excl. China),Coffee,2022,9191.803296,1839.331732
108,BDI,Burundi,Sub-Saharan Africa,Coffee,2022,47577.3473,10724.55376
112,BLR,Belarus,Europe,Coffee,2022,631.478983,107.363977
116,KHM,Cambodia,Eastern and South-Eastern Asia (excl. China),Coffee,2022,32.393417,5.4682
120,CMR,Cameroon,Sub-Saharan Africa,Coffee,2022,23655.61544,9498.535831
124,CAN,Canada,Northern America,Coffee,2022,788302.7764,75896.66287
132,CPV,Cabo Verde,Sub-Saharan Africa,Coffee,2022,7.987374,0.695
136,CYM,Cayman Islands,Latin America and the Caribbean,Coffee,2022,0.163902,0.020806
140,CAF,Central African Republic,Sub-Saharan Africa,Coffee,2022,145.427312,20.331
144,LKA,Sri Lanka,Central and Southern Asia,Coffee,2022,1176.281497,223.7062808
152,CHL,Chile,Latin America and the Caribbean,Coffee,2022,1089.922463,208.3661391
156,CHN,China,China,Coffee,2022,222114.6787,45229.97967
162,CXR,Christmas Islands,,Coffee,2022,7.072,0.559
170,COL,Colombia,Latin America and the Caribbean,Coffee,2022,4162395.811,653469.2787
174,COM,Comoros,Sub-Saharan Africa,Coffee,2022,0.105315,0.00333
178,COG,"Congo, Republic",Sub-Saharan Africa,Coffee,2022,13083.06104,3186.669704
180,COD,"Congo, Democratic Republic",Sub-Saharan Africa,Coffee,2022,32119.61418,7948.971628
188,CRI,Costa Rica,Latin America and the Caribbean,Coffee,2022,443477.5969,70606.70339
191,HRV,Croatia,Europe,Coffee,2022,21283.24682,3123.202294
192,CUB,Cuba,Latin America and the Caribbean,Coffee,2022,5592.487677,944.691136
196,CYP,Cyprus,Northern Africa and Western Asia,Coffee,2022,4818.76713,458.4491966
203,CZE,Czech Republic,Europe,Coffee,2022,172901.5064,19664.64571
204,BEN,Benin,Sub-Saharan Africa,Coffee,2022,0.256716,0.071946
208,DNK,Denmark,Europe,Coffee,2022,107312.7901,9767.455121
212,DMA,Dominica,Latin America and the Caribbean,Coffee,2022,64.08429,8.888
214,DOM,Dominican Republic,Latin America and the Caribbean,Coffee,2022,16454.92614,2319.60185
218,ECU,Ecuador,Latin America and the Caribbean,Coffee,2022,27627.00711,5413.651617
222,SLV,El Salvador,Latin America and the Caribbean,Coffee,2022,186736.4301,33731.69867
226,GNQ,Equatorial Guinea,Sub-Saharan Africa,Coffee,2022,167.535734,41.73594
231,ETH,Ethiopia,Sub-Saharan Africa,Coffee,2022,1600463.899,292066.2742
232,ERI,Eritrea,Sub-Saharan Africa,Coffee,2022,0.182747,0.004
233,EST,Estonia,Europe,Coffee,2022,33776.59254,5264.746457
234,FRO,Faeroe Islands,Europe,Coffee,2022,0.011,0.0005
242,FJI,Fiji,Oceania (excl. Australia and New Zealand),Coffee,2022,540.39317,134.92569
246,FIN,Finland,Europe,Coffee,2022,84240.22719,14469.34846
251,FRA,France,Europe,Coffee,2022,1066706.152,65568.51847
258,PYF,French Polynesia,Oceania (excl. Australia and New Zealand),Coffee,2022,6.48294266,0.34768676
262,DJI,Djibouti,Sub-Saharan Africa,Coffee,2022,7437.839029,1261.44895
266,GAB,Gabon,Sub-Saharan Africa,Coffee,2022,0.638791,0.023419
268,GEO,Georgia,Northern Africa and Western Asia,Coffee,2022,2142.768392,539.3402479
270,GMB,Gambia,Sub-Saharan Africa,Coffee,2022,0.110817,0.0058
275,PSE,State of Palestine,Northern Africa and Western Asia,Coffee,2022,9858.485765,1395.322927
276,DEU,Germany,Europe,Coffee,2022,3214663.186,532573.5445
288,GHA,Ghana,Sub-Saharan Africa,Coffee,2022,390.713006,202.296542
292,GIB,Gibraltar,Europe,Coffee,2022,0.006,0.0002
300,GRC,Greece,Europe,Coffee,2022,31480.78143,3817.829465
308,GRD,Grenada,Latin America and the Caribbean,Coffee,2022,12.7445,3.028
316,GUM,Guam,Oceania (excl. Australia and New Zealand),Coffee,2022,233.366609,43.597167
320,GTM,Guatemala,Latin America and the Caribbean,Coffee,2022,1214015.139,203008.345
324,GIN,Guinea,Sub-Saharan Africa,Coffee,2022,33672.53196,15315.01051
328,GUY,Guyana,Latin America and the Caribbean,Coffee,2022,5.112905,0.587
332,HTI,Haiti,Latin America and the Caribbean,Coffee,2022,1539.669017,174.622296
334,HMD,Heard Island and McDonald Islands,,Coffee,2022,25.019,4.97
340,HND,Honduras,Latin America and the Caribbean,Coffee,2022,1526385.677,290096.1861
344,HKG,"China, Hong Kong SAR",China,Coffee,2022,6438.594963,1223.792792
348,HUN,Hungary,Europe,Coffee,2022,46445.61621,5907.482338
352,ISL,Iceland,Europe,Coffee,2022,173.5030653,12.63055813
360,IDN,Indonesia,Eastern and South-Eastern Asia (excl. China),Coffee,2022,1242724.592,419314.8609
364,IRN,Iran,Central and Southern Asia,Coffee,2022,81.651198,36.388748
368,IRQ,Iraq,Northern Africa and Western Asia,Coffee,2022,19.558151,1.706474
372,IRL,Ireland,Europe,Coffee,2022,26474.18782,4242.996243
376,ISR,Israel,Northern Africa and Western Asia,Coffee,2022,8433.487247,885.6732358
381,ITA,Italy,Europe,Coffee,2022,2394076.618,308541.1208
384,CIV,Cote d'Ivoire,Sub-Saharan Africa,Coffee,2022,98736.98596,51981.56477
388,JAM,Jamaica,Latin America and the Caribbean,Coffee,2022,26728.82528,895.9586289
392,JPN,Japan,Eastern and South-Eastern Asia (excl. China),Coffee,2022,35964.41155,3270.572775
398,KAZ,Kazakhstan,Central and Southern Asia,Coffee,2022,1521.566186,133.1021476
400,JOR,Jordan,Northern Africa and Western Asia,Coffee,2022,17695.64089,2214.909629
404,KEN,Kenya,Sub-Saharan Africa,Coffee,2022,342887.9138,55021.51616
410,KOR,"Korea, Republic",Eastern and South-Eastern Asia (excl. China),Coffee,2022,8441.756619,1015.67312
414,KWT,Kuwait,Northern Africa and Western Asia,Coffee,2022,2862.400962,458.4467537
417,KGZ,Kyrgyzstan,Central and Southern Asia,Coffee,2022,22.9049585,1.44937012
418,LAO,Lao PDR,Eastern and South-Eastern Asia (excl. China),Coffee,2022,136807.7395,28937.57184
422,LBN,Lebanon,Northern Africa and Western Asia,Coffee,2022,28211.13876,4598.966606
426,LSO,Lesotho,Sub-Saharan Africa,Coffee,2022,3.397475,0.33101
428,LVA,Latvia,Europe,Coffee,2022,47004.63371,5954.481186
430,LBR,Liberia,Sub-Saharan Africa,Coffee,2022,0.365409,0.020448
434,LBY,Libya,Northern Africa and Western Asia,Coffee,2022,12.739477,0.765993
440,LTU,Lithuania,Europe,Coffee,2022,103250.0842,12559.33393
442,LUX,Luxembourg,Europe,Coffee,2022,58672.30268,7826.725384
446,MAC,"China, Macao SAR",China,Coffee,2022,1861.858359,423.28506
450,MDG,Madagascar,Sub-Saharan Africa,Coffee,2022,174.9611436,64.76208639
454,MWI,Malawi,Sub-Saharan Africa,Coffee,2022,4741.316123,937.7020756
458,MYS,Malaysia,Eastern and South-Eastern Asia (excl. China),Coffee,2022,137723.2075,16511.18853
462,MDV,Maldives,Central and Southern Asia,Coffee,2022,2.11822,0.122
466,MLI,Mali,Sub-Saharan Africa,Coffee,2022,0.04683,0.01
470,MLT,Malta,Europe,Coffee,2022,427.6011487,130.068618
478,MRT,Mauritania,Sub-Saharan Africa,Coffee,2022,6.722663,1.002
480,MUS,Mauritius,Sub-Saharan Africa,Coffee,2022,295.693254,39.67647
484,MEX,Mexico,Latin America and the Caribbean,Coffee,2022,688066.9683,122037.0312
490,,"Other Asia, nes",,Coffee,2022,11830.26097,1098.760266
496,MNG,Mongolia,Eastern and South-Eastern Asia (excl. China),Coffee,2022,1.122694,0.181151
498,MDA,Moldova,Europe,Coffee,2022,640.957859,43.98332347
499,MNE,Montenegro,Europe,Coffee,2022,85.69336711,23.8388055
504,MAR,Morocco,Northern Africa and Western Asia,Coffee,2022,2231.355544,250.9539347
508,MOZ,Mozambique,Sub-Saharan Africa,Coffee,2022,96.756758,15.01316
512,OMN,Oman,Northern Africa and Western Asia,Coffee,2022,1042.560205,184.5402975
516,NAM,Namibia,Sub-Saharan Africa,Coffee,2022,61.22772474,10.48612827
520,NRU,Nauru,Oceania (excl. Australia and New Zealand),Coffee,2022,1.291338,0.135
524,NPL,Nepal,Central and Southern Asia,Coffee,2022,971.5551912,76.52073604
528,NLD,Netherlands,Europe,Coffee,2022,1060611.146,145681.3515
531,CUW,Curacao,Latin America and the Caribbean,Coffee,2022,8.097425,0.672
533,ABW,Aruba,Latin America and the Caribbean,Coffee,2022,63.561987,2.13684
534,SXM,Sint Maarten (Dutch part),Latin America and the Caribbean,Coffee,2022,4.808536,0.49899
540,NCL,New Caledonia,Oceania (excl. Australia and New Zealand),Coffee,2022,292.809064,37.973
548,VUT,Vanuatu,Oceania (excl. Australia and New Zealand),Coffee,2022,211.168772,19.749
554,NZL,New Zealand,Australia and New Zealand,Coffee,2022,3927.943629,446.9171029
558,NIC,Nicaragua,Latin America and the Caribbean,Coffee,2022,802879.9101,162051.9345
562,NER,Niger,Sub-Saharan Africa,Coffee,2022,0.486355,0.0716
566,NGA,Nigeria,Sub-Saharan Africa,Coffee,2022,50.0327827,21.574894
568,,"Other Europe, nes",,Coffee,2022,84887.34535,13271.22756
570,NIU,Niue,Oceania (excl. Australia and New Zealand),Coffee,2022,3.221,0.357
577,,"Other Africa, nes",,Coffee,2022,54.460514,0.692222
579,NOR,Norway,Europe,Coffee,2022,5925.248206,679.6617255
581,UMI,United States Minor Outlying Islands,,Coffee,2022,0.153745,0.001954
583,FSM,Micronesia,Oceania (excl. Australia and New Zealand),Coffee,2022,1.728795,0.4184
586,PAK,Pakistan,Central and Southern Asia,Coffee,2022,43.740549,116.837392
591,PAN,Panama,Latin America and the Caribbean,Coffee,2022,46010.92344,3088.191027
598,PNG,Papua New Guinea,Oceania (excl. Australia and New Zealand),Coffee,2022,226461.1971,40451.61036
600,PRY,Paraguay,Latin America and the Caribbean,Coffee,2022,4.3933616,0.48704945
604,PER,Peru,Latin America and the Caribbean,Coffee,2022,1339605.625,256080.8973
608,PHL,Philippines,Eastern and South-Eastern Asia (excl. China),Coffee,2022,1885.276737,815.5707096
612,PCN,Pitcairn,Oceania (excl. Australia and New Zealand),Coffee,2022,17.232251,0.919195
616,POL,Poland,Europe,Coffee,2022,495539.9683,69937.50365
620,PRT,Portugal,Europe,Coffee,2022,126365.4184,16534.12661
624,GNB,Guinea-Bissau,Sub-Saharan Africa,Coffee,2022,2.3196,1
626,TLS,Timor-Leste,Eastern and South-Eastern Asia (excl. China),Coffee,2022,39982.54805,9004.51474
634,QAT,Qatar,Northern Africa and Western Asia,Coffee,2022,128.59384,19.018329
642,ROU,Romania,Europe,Coffee,2022,17530.67893,2598.059293
643,RUS,Russian Federation,Europe,Coffee,2022,24222.44473,3765.645293
646,RWA,Rwanda,Sub-Saharan Africa,Coffee,2022,115512.2527,20639.0364
652,BLM,Saint-Barthelemy,Latin America and the Caribbean,Coffee,2022,0.409,0.046
654,SHN,Saint Helena,Sub-Saharan Africa,Coffee,2022,104.26998,0.79
659,KNA,Saint Kitts and Nevis,Latin America and the Caribbean,Coffee,2022,1.23094,0.075
660,AIA,Anguilla,Latin America and the Caribbean,Coffee,2022,0.182658,0.007
662,LCA,Saint Lucia,Latin America and the Caribbean,Coffee,2022,18.109278,8.817
674,SMR,San Marino,Europe,Coffee,2022,68.963366,7.919
678,STP,Sao Tome and Principe,Sub-Saharan Africa,Coffee,2022,22.763534,2.9168633
682,SAU,Saudi Arabia,Northern Africa and Western Asia,Coffee,2022,4814.995136,546.626607
686,SEN,Senegal,Sub-Saharan Africa,Coffee,2022,319.5297586,170.3113775
688,SRB,Serbia,Europe,Coffee,2022,14895.43014,2200.51134
694,SLE,Sierra Leone,Sub-Saharan Africa,Coffee,2022,3363.513999,1427.600224
699,IND,India,Central and Southern Asia,Coffee,2022,814080.8484,269764.0088
702,SGP,Singapore,Eastern and South-Eastern Asia (excl. China),Coffee,2022,47178.65779,6266.557089
703,SVK,Slovakia,Europe,Coffee,2022,175993.2647,27115.07452
704,VNM,Vietnam,Eastern and South-Eastern Asia (excl. China),Coffee,2022,3204861.196,1399284.542
705,SVN,Slovenia,Europe,Coffee,2022,69892.14641,15357.98852
706,SOM,Somalia,Sub-Saharan Africa,Coffee,2022,0.197741,0.013212
710,ZAF,South Africa,Sub-Saharan Africa,Coffee,2022,20030.11773,3947.449286
716,ZWE,Zimbabwe,Sub-Saharan Africa,Coffee,2022,1391.230707,208.252866
724,ESP,Spain,Europe,Coffee,2022,386342.0833,65372.66521
729,SDN,Sudan,Northern Africa and Western Asia,Coffee,2022,0.046069,0.002
740,SUR,Suriname,Latin America and the Caribbean,Coffee,2022,0.042,0.006
748,SWZ,Eswatini,Sub-Saharan Africa,Coffee,2022,702.291969,15.82704
752,SWE,Sweden,Europe,Coffee,2022,196478.2257,24812.80911
757,CHE,Switzerland,Europe,Coffee,2022,3416440.402,120616.2665
760,SYR,Syria,Northern Africa and Western Asia,Coffee,2022,3283.767274,526.683027
764,THA,Thailand,Eastern and South-Eastern Asia (excl. China),Coffee,2022,6291.329043,1034.706904
768,TGO,Togo,Sub-Saharan Africa,Coffee,2022,9765.741794,5241.240955
772,TKL,Tokelau,Oceania (excl. Australia and New Zealand),Coffee,2022,4.33838,0.87466
780,TTO,Trinidad and Tobago,Latin America and the Caribbean,Coffee,2022,444.857466,55.16721675
784,ARE,United Arab Emirates,Northern Africa and Western Asia,Coffee,2022,118616.8532,24490.9065
788,TUN,Tunisia,Northern Africa and Western Asia,Coffee,2022,83.62312403,7.578224381
792,TUR,Turkey,Northern Africa and Western Asia,Coffee,2022,62383.19085,10326.77338
795,TKM,Turkmenistan,Central and Southern Asia,Coffee,2022,22,10.5
796,TCA,Turks and Caicos Islands,Latin America and the Caribbean,Coffee,2022,22.737276,1.18
800,UGA,Uganda,Sub-Saharan Africa,Coffee,2022,790613.1421,283123.6989
804,UKR,Ukraine,Europe,Coffee,2022,1220.547674,164.1979298
807,MKD,North Macedonia,Europe,Coffee,2022,1741.558832,269.8093705
818,EGY,Egypt,Northern Africa and Western Asia,Coffee,2022,2840.103197,360.3172183
826,GBR,United Kingdom,Europe,Coffee,2022,266602.1965,29873.82839
834,TZA,Tanzania,Sub-Saharan Africa,Coffee,2022,257030.4759,68109.67726
837,,Bunkers,,Coffee,2022,97.09151,26.832
838,,Free Zones,,Coffee,2022,11011.80086,1129.2601
839,,Special Categories,,Coffee,2022,57.05095,9.76747
842,USA,United States,Northern America,Coffee,2022,1151245.521,139962.5829
854,BFA,Burkina Faso,Sub-Saharan Africa,Coffee,2022,35.844191,28.514778
858,URY,Uruguay,Latin America and the Caribbean,Coffee,2022,10059.81766,871.8222661
860,UZB,Uzbekistan,Central and Southern Asia,Coffee,2022,53.8631846,8.67309855
862,VEN,Venezuela,Latin America and the Caribbean,Coffee,2022,27276.08668,6319.03593
882,WSM,Samoa,Oceania (excl. Australia and New Zealand),Coffee,2022,0.093204,0.049
887,YEM,Yemen,Northern Africa and Western Asia,Coffee,2022,10159.97416,1133.859978
894,ZMB,Zambia,Sub-Saharan Africa,Coffee,2022,24497.63978,4674.968338
899,,"Areas, nes",,Coffee,2022,26415.04999,6137.856311
